team,team_id,mascot,nickname,abbreviation,display_name,short_name,logo,logo_dark,lng,lat,conference
Hawai'i,62,Rainbow Warriors,Hawai'i,HAW,Hawai'i Rainbow Warriors,Hawai'i,https://a.espncdn.com/i/teamlogos/ncaa/500/62.png,https://a.espncdn.com/i/teamlogos/ncaa/500-dark/62.png,-157.85913,21.31026,Big West Conference[j]
Oregon State,204,Beavers,Oregon State,ORST,Oregon State Beavers,Oregon State,https://a.espncdn.com/i/teamlogos/ncaa/500/204.png,https://a.espncdn.com/i/teamlogos/ncaa/500-dark/204.png,-123.27871,44.56311,Pac-12 Conference
Oregon,2483,Ducks,Oregon,ORE,Oregon Ducks,Oregon,https://a.espncdn.com/i/teamlogos/ncaa/500/2483.png,https://a.espncdn.com/i/teamlogos/ncaa/500-dark/2483.png,-123.07046,44.04598,Pac-12 Conference
Portland,2501,Pilots,Portland,PORT,Portland Pilots,Portland,https://a.espncdn.com/i/teamlogos/ncaa/500/2501.png,https://a.espncdn.com/i/teamlogos/ncaa/500-dark/2501.png,-122.67621,45.52345,West Coast Conference
Portland State,2502,Vikings,Portland State,PRST,Portland State Vikings,Portland State,https://a.espncdn.com/i/teamlogos/ncaa/500/2502.png,https://a.espncdn.com/i/teamlogos/ncaa/500-dark/2502.png,-122.67621,45.52345,Big Sky Conference
San Francisco,2539,Dons,San Francisco,SF,San Francisco Dons,San Francisco,https://a.espncdn.com/i/teamlogos/ncaa/500/2539.png,https://a.espncdn.com/i/teamlogos/ncaa/500-dark/2539.png,-122.44826,37.78607,West Coast Conference
Seattle,2547,Redhawks,Seattle U,SEA,Seattle U Redhawks,Seattle U,https://a.espncdn.com/i/teamlogos/ncaa/500/2547.png,https://a.espncdn.com/i/teamlogos/ncaa/500-dark/2547.png,-122.31256,47.65655,Western Athletic Conference
Washington,264,Huskies,Washington,WASH,Washington Huskies,Washington,https://a.espncdn.com/i/teamlogos/ncaa/500/264.png,https://a.espncdn.com/i/teamlogos/ncaa/500-dark/264.png,-122.31256,47.65655,Pac-12 Conference
California,25,Golden Bears,California,CAL,California Golden Bears,California,https://a.espncdn.com/i/teamlogos/ncaa/500/25.png,https://a.espncdn.com/i/teamlogos/ncaa/500-dark/25.png,-122.25975,37.87215,Pac-12 Conference
Stanford,24,Cardinal,Stanford,STAN,Stanford Cardinal,Stanford,https://a.espncdn.com/i/teamlogos/ncaa/500/24.png,https://a.espncdn.com/i/teamlogos/ncaa/500-dark/24.png,-122.17024,37.42716,Pac-12 Conference
Saint Mary's,2608,Gaels,Saint Mary's,SMC,Saint Mary's Gaels,Saint Mary's,https://a.espncdn.com/i/teamlogos/ncaa/500/2608.png,https://a.espncdn.com/i/teamlogos/ncaa/500-dark/2608.png,-122.10922,37.84279,West Coast Conference
Santa Clara,2541,Broncos,Santa Clara,SCU,Santa Clara Broncos,Santa Clara,https://a.espncdn.com/i/teamlogos/ncaa/500/2541.png,https://a.espncdn.com/i/teamlogos/ncaa/500-dark/2541.png,-122.04852,37.31698,West Coast Conference
San Jose State,23,Spartans,San José State,SJSU,San José St Spartans,San José State,https://a.espncdn.com/i/teamlogos/ncaa/500/23.png,https://a.espncdn.com/i/teamlogos/ncaa/500-dark/23.png,-121.89496,37.33939,Mountain West Conference
UC Davis,302,Aggies,UC Davis,UCD,UC Davis Aggies,UC Davis,https://a.espncdn.com/i/teamlogos/ncaa/500/302.png,https://a.espncdn.com/i/teamlogos/ncaa/500-dark/302.png,-121.76247,38.54359,Big West Conference[d]
Sacramento State,16,Hornets,Sacramento St,SAC,Sacramento State Hornets,Sacramento St,https://a.espncdn.com/i/teamlogos/ncaa/500/16.png,https://a.espncdn.com/i/teamlogos/ncaa/500-dark/16.png,-121.42299,38.55904,Big Sky Conference
Pacific,279,Tigers,Pacific,PAC,Pacific Tigers,Pacific,https://a.espncdn.com/i/teamlogos/ncaa/500/279.png,https://a.espncdn.com/i/teamlogos/ncaa/500-dark/279.png,-121.28467,37.96576,West Coast Conference
Cal Poly,13,Mustangs,Cal Poly,CP,Cal Poly Mustangs,Cal Poly,https://a.espncdn.com/i/teamlogos/ncaa/500/13.png,https://a.espncdn.com/i/teamlogos/ncaa/500-dark/13.png,-120.66004,35.30059,Big West Conference[d]
Nevada,2440,Wolf Pack,Nevada,NEV,Nevada Wolf Pack,Nevada,https://a.espncdn.com/i/teamlogos/ncaa/500/2440.png,https://a.espncdn.com/i/teamlogos/ncaa/500-dark/2440.png,-119.87853,39.67102,Mountain West Conference
UC Santa Barbara,2540,Gauchos,UCSB,UCSB,UC Santa Barbara Gauchos,UCSB,https://a.espncdn.com/i/teamlogos/ncaa/500/2540.png,https://a.espncdn.com/i/teamlogos/ncaa/500-dark/2540.png,-119.84714,34.4134,Big West Conference
Fresno State,278,Bulldogs,Fresno State,FRES,Fresno State Bulldogs,Fresno State,https://a.espncdn.com/i/teamlogos/ncaa/500/278.png,https://a.espncdn.com/i/teamlogos/ncaa/500-dark/278.png,-119.77237,36.74773,Mountain West Conference
CSU Bakersfield,2934,Roadrunners,CSU Bakersfield,CSUB,CSU Bakersfield Roadrunners,CSU Bakersfield,https://a.espncdn.com/i/teamlogos/ncaa/500/2934.png,https://a.espncdn.com/i/teamlogos/ncaa/500-dark/2934.png,-119.10414,35.35024,Big West Conference
CSU Northridge,2463,Matadors,CSU Northridge,CSUN,CSU Northridge Matadors,CSU Northridge,https://a.espncdn.com/i/teamlogos/ncaa/500/2463.png,https://a.espncdn.com/i/teamlogos/ncaa/500-dark/2463.png,-118.52777,34.24229,Big West Conference
Pepperdine,2492,Waves,Pepperdine,PEPP,Pepperdine Waves,Pepperdine,https://a.espncdn.com/i/teamlogos/ncaa/500/2492.png,https://a.espncdn.com/i/teamlogos/ncaa/500-dark/2492.png,-118.48843,34.06829,West Coast Conference
Loyola Marymount,2351,Lions,Loyola Marymnt,LMU,Loyola Marymount Lions,Loyola Marymnt,https://a.espncdn.com/i/teamlogos/ncaa/500/2351.png,https://a.espncdn.com/i/teamlogos/ncaa/500-dark/2351.png,-118.1686,34.066,West Coast Conference
UCLA,26,Bruins,UCLA,UCLA,UCLA Bruins,UCLA,https://a.espncdn.com/i/teamlogos/ncaa/500/26.png,https://a.espncdn.com/i/teamlogos/ncaa/500-dark/26.png,-118.1686,34.066,Pac-12 Conference
USC,30,Trojans,USC,USC,USC Trojans,USC,https://a.espncdn.com/i/teamlogos/ncaa/500/30.png,https://a.espncdn.com/i/teamlogos/ncaa/500-dark/30.png,-118.1686,34.066,Pac-12 Conference
Long Beach State,299,Beach,Long Beach St,LBSU,Long Beach State Beach,Long Beach St,https://a.espncdn.com/i/teamlogos/ncaa/500/299.png,https://a.espncdn.com/i/teamlogos/ncaa/500-dark/299.png,-118.11446,33.78745,Big West Conference
CSU Fullerton,2239,Titans,CSU Fullerton,CSUF,CSU Fullerton Titans,CSU Fullerton,https://a.espncdn.com/i/teamlogos/ncaa/500/2239.png,https://a.espncdn.com/i/teamlogos/ncaa/500-dark/2239.png,-117.8861,33.88301,Big West Conference
UC Irvine,300,Anteaters,UC Irvine,UCI,UC Irvine Anteaters,UC Irvine,https://a.espncdn.com/i/teamlogos/ncaa/500/300.png,https://a.espncdn.com/i/teamlogos/ncaa/500-dark/300.png,-117.84098,33.64842,Big West Conference
Eastern Washington,331,Eagles,E Washington,EWU,Eastern Washington Eagles,E Washington,https://a.espncdn.com/i/teamlogos/ncaa/500/331.png,https://a.espncdn.com/i/teamlogos/ncaa/500-dark/331.png,-117.58298,47.48989,Big Sky Conference
UC Riverside,27,Highlanders,UC Riverside,UCR,UC Riverside Highlanders,UC Riverside,https://a.espncdn.com/i/teamlogos/ncaa/500/27.png,https://a.espncdn.com/i/teamlogos/ncaa/500-dark/27.png,-117.32773,33.97412,Big West Conference
San Diego,301,Toreros,San Diego,USD,San Diego Toreros,San Diego,https://a.espncdn.com/i/teamlogos/ncaa/500/301.png,https://a.espncdn.com/i/teamlogos/ncaa/500-dark/301.png,-117.2342,32.88477,West Coast Conference[c]
San Diego State,21,Aztecs,San Diego State,SDSU,San Diego State Aztecs,San Diego State,https://a.espncdn.com/i/teamlogos/ncaa/500/21.png,https://a.espncdn.com/i/teamlogos/ncaa/500-dark/21.png,-117.2342,32.88477,Mountain West Conference
Gonzaga,2250,Bulldogs,Gonzaga,GONZ,Gonzaga Bulldogs,Gonzaga,https://a.espncdn.com/i/teamlogos/ncaa/500/2250.png,https://a.espncdn.com/i/teamlogos/ncaa/500-dark/2250.png,-117.22069,47.62027,West Coast Conference
Idaho,70,Vandals,Idaho,IDHO,Idaho Vandals,Idaho,https://a.espncdn.com/i/teamlogos/ncaa/500/70.png,https://a.espncdn.com/i/teamlogos/ncaa/500-dark/70.png,-117.01264,46.72746,Big Sky Conference
Boise State,68,Broncos,Boise State,BSU,Boise State Broncos,Boise State,https://a.espncdn.com/i/teamlogos/ncaa/500/68.png,https://a.espncdn.com/i/teamlogos/ncaa/500-dark/68.png,-115.93428,43.90573,Mountain West Conference
UNLV,2439,Rebels,UNLV,UNLV,UNLV Rebels,UNLV,https://a.espncdn.com/i/teamlogos/ncaa/500/2439.png,https://a.espncdn.com/i/teamlogos/ncaa/500-dark/2439.png,-115.14167,36.10775,Mountain West Conference
Montana,149,Grizzlies,Montana,MONT,Montana Grizzlies,Montana,https://a.espncdn.com/i/teamlogos/ncaa/500/149.png,https://a.espncdn.com/i/teamlogos/ncaa/500-dark/149.png,-113.98372,46.8602,Big Sky Conference
Southern Utah,253,Thunderbirds,Southern Utah,SUU,Southern Utah Thunderbirds,Southern Utah,https://a.espncdn.com/i/teamlogos/ncaa/500/253.png,https://a.espncdn.com/i/teamlogos/ncaa/500-dark/253.png,-113.06104,37.70893,Big Sky Conference[u]
Idaho State,304,Bengals,Idaho State,IDST,Idaho State Bengals,Idaho State,https://a.espncdn.com/i/teamlogos/ncaa/500/304.png,https://a.espncdn.com/i/teamlogos/ncaa/500-dark/304.png,-112.43331,42.86686,Big Sky Conference
Grand Canyon,2253,Antelopes,Grand Canyon,GCU,Grand Canyon Antelopes,Grand Canyon,https://a.espncdn.com/i/teamlogos/ncaa/500/2253.png,https://a.espncdn.com/i/teamlogos/ncaa/500-dark/2253.png,-112.07353,33.45297,Western Athletic Conference
Weber State,2692,Wildcats,Weber State,WEB,Weber State Wildcats,Weber State,https://a.espncdn.com/i/teamlogos/ncaa/500/2692.png,https://a.espncdn.com/i/teamlogos/ncaa/500-dark/2692.png,-111.99084,41.2461,Big Sky Conference
Arizona State,9,Sun Devils,Arizona State,ASU,Arizona State Sun Devils,Arizona State,https://a.espncdn.com/i/teamlogos/ncaa/500/9.png,https://a.espncdn.com/i/teamlogos/ncaa/500-dark/9.png,-111.9355,33.41728,Pac-12 Conference
Utah State,328,Aggies,Utah State,USU,Utah State Aggies,Utah State,https://a.espncdn.com/i/teamlogos/ncaa/500/328.png,https://a.espncdn.com/i/teamlogos/ncaa/500-dark/328.png,-111.86575,41.73704,Mountain West Conference
Utah,254,Utes,Utah,UTAH,Utah Utes,Utah,https://a.espncdn.com/i/teamlogos/ncaa/500/254.png,https://a.espncdn.com/i/teamlogos/ncaa/500-dark/254.png,-111.84879,40.76495,Pac-12 Conference
Utah Valley,3084,Wolverines,Utah Valley,UVU,Utah Valley Wolverines,Utah Valley,https://a.espncdn.com/i/teamlogos/ncaa/500/3084.png,https://a.espncdn.com/i/teamlogos/ncaa/500-dark/3084.png,-111.7295,40.31116,Western Athletic Conference
Northern Arizona,2464,Lumberjacks,N Arizona,NAU,Northern Arizona Lumberjacks,N Arizona,https://a.espncdn.com/i/teamlogos/ncaa/500/2464.png,https://a.espncdn.com/i/teamlogos/ncaa/500-dark/2464.png,-111.66183,35.18251,Big Sky Conference
BYU,252,Cougars,BYU,BYU,BYU Cougars,BYU,https://a.espncdn.com/i/teamlogos/ncaa/500/252.png,https://a.espncdn.com/i/teamlogos/ncaa/500-dark/252.png,-111.65853,40.23384,West Coast Conference
Montana State,147,Bobcats,Montana State,MTST,Montana State Bobcats,Montana State,https://a.espncdn.com/i/teamlogos/ncaa/500/147.png,https://a.espncdn.com/i/teamlogos/ncaa/500-dark/147.png,-111.053,45.66965,Big Sky Conference
Arizona,12,Wildcats,Arizona,ARIZ,Arizona Wildcats,Arizona,https://a.espncdn.com/i/teamlogos/ncaa/500/12.png,https://a.espncdn.com/i/teamlogos/ncaa/500-dark/12.png,-110.94594,32.2405,Pac-12 Conference
New Mexico State,166,Aggies,New Mexico St,NMSU,New Mexico State Aggies,New Mexico St,https://a.espncdn.com/i/teamlogos/ncaa/500/166.png,https://a.espncdn.com/i/teamlogos/ncaa/500-dark/166.png,-106.73231,32.29041,Western Athletic Conference[p]
Long Island University,112358,Sharks,Long Island,LIU,Long Island University Sharks,Long Island,https://a.espncdn.com/i/teamlogos/ncaa/500/112358.png,https://a.espncdn.com/i/teamlogos/ncaa/500-dark/112358.png,-106.67059,39.08416,Northeast Conference
St. Francis (BKN),2597,Terriers,St. Fran. (BKN),SFBK,St. Francis (BKN) Terriers,St. Fran. (BKN),https://a.espncdn.com/i/teamlogos/ncaa/500/2597.png,https://a.espncdn.com/i/teamlogos/ncaa/500-dark/2597.png,-106.67059,39.08416,Northeast Conference
New Mexico,167,Lobos,New Mexico,UNM,New Mexico Lobos,New Mexico,https://a.espncdn.com/i/teamlogos/ncaa/500/167.png,https://a.espncdn.com/i/teamlogos/ncaa/500-dark/167.png,-106.65114,35.08449,Mountain West Conference
UTEP,2638,Miners,UTEP,UTEP,UTEP Miners,UTEP,https://a.espncdn.com/i/teamlogos/ncaa/500/2638.png,https://a.espncdn.com/i/teamlogos/ncaa/500-dark/2638.png,-106.5061,31.77761,Conference USA
Wyoming,2751,Cowboys,Wyoming,WYO,Wyoming Cowboys,Wyoming,https://a.espncdn.com/i/teamlogos/ncaa/500/2751.png,https://a.espncdn.com/i/teamlogos/ncaa/500-dark/2751.png,-105.57638,41.31192,Mountain West Conference
Colorado,38,Buffaloes,Colorado,COLO,Colorado Buffaloes,Colorado,https://a.espncdn.com/i/teamlogos/ncaa/500/38.png,https://a.espncdn.com/i/teamlogos/ncaa/500-dark/38.png,-105.26706,40.00442,Pac-12 Conference
Denver,2172,Pioneers,Denver,DEN,Denver Pioneers,Denver,https://a.espncdn.com/i/teamlogos/ncaa/500/2172.png,https://a.espncdn.com/i/teamlogos/ncaa/500-dark/2172.png,-105.00209,39.74503,The Summit League
Colorado State,36,Rams,Colorado State,CSU,Colorado State Rams,Colorado State,https://a.espncdn.com/i/teamlogos/ncaa/500/36.png,https://a.espncdn.com/i/teamlogos/ncaa/500-dark/36.png,-104.99307,40.5342,Mountain West Conference
Air Force,2005,Falcons,Air Force,AFA,Air Force Falcons,Air Force,https://a.espncdn.com/i/teamlogos/ncaa/500/2005.png,https://a.espncdn.com/i/teamlogos/ncaa/500-dark/2005.png,-104.82136,38.83388,Mountain West Conference
Northern Colorado,2458,Bears,N Colorado,UNCO,Northern Colorado Bears,N Colorado,https://a.espncdn.com/i/teamlogos/ncaa/500/2458.png,https://a.espncdn.com/i/teamlogos/ncaa/500-dark/2458.png,-104.7722,40.419,Big Sky Conference
Texas Tech,2641,Red Raiders,Texas Tech,TTU,Texas Tech Red Raiders,Texas Tech,https://a.espncdn.com/i/teamlogos/ncaa/500/2641.png,https://a.espncdn.com/i/teamlogos/ncaa/500-dark/2641.png,-101.88795,33.59231,Big 12 Conference
Abilene Christian,2000,Wildcats,Abil Christian,ACU,Abilene Christian Wildcats,Abil Christian,https://a.espncdn.com/i/teamlogos/ncaa/500/2000.png,https://a.espncdn.com/i/teamlogos/ncaa/500-dark/2000.png,-99.74385,32.37495,Southland Conference[a]
Incarnate Word,2916,Cardinals,Incarnate Word,UIW,Incarnate Word Cardinals,Incarnate Word,https://a.espncdn.com/i/teamlogos/ncaa/500/2916.png,https://a.espncdn.com/i/teamlogos/ncaa/500-dark/2916.png,-98.49363,29.42412,Southland Conference
UTSA,2636,Roadrunners,UTSA,UTSA,UTSA Roadrunners,UTSA,https://a.espncdn.com/i/teamlogos/ncaa/500/2636.png,https://a.espncdn.com/i/teamlogos/ncaa/500-dark/2636.png,-98.49363,29.42412,Conference USA
Texas State,326,Bobcats,Texas State,TXST,Texas State Bobcats,Texas State,https://a.espncdn.com/i/teamlogos/ncaa/500/326.png,https://a.espncdn.com/i/teamlogos/ncaa/500-dark/326.png,-97.93945,29.88994,Sun Belt Conference
Texas,251,Longhorns,Texas,TEX,Texas Longhorns,Texas,https://a.espncdn.com/i/teamlogos/ncaa/500/251.png,https://a.espncdn.com/i/teamlogos/ncaa/500-dark/251.png,-97.7368,30.30753,Big 12 Conference
Oklahoma,201,Sooners,Oklahoma,OU,Oklahoma Sooners,Oklahoma,https://a.espncdn.com/i/teamlogos/ncaa/500/201.png,https://a.espncdn.com/i/teamlogos/ncaa/500-dark/201.png,-97.44459,35.19804,Big 12 Conference
TCU,2628,Horned Frogs,TCU,TCU,TCU Horned Frogs,TCU,https://a.espncdn.com/i/teamlogos/ncaa/500/2628.png,https://a.espncdn.com/i/teamlogos/ncaa/500-dark/2628.png,-97.33335,32.75152,Big 12 Conference
Texas A&M-CC,357,Islanders,Texas A&M-CC,AMCC,Texas A&M-CC Islanders,Texas A&M-CC,https://a.espncdn.com/i/teamlogos/ncaa/500/357.png,https://a.espncdn.com/i/teamlogos/ncaa/500-dark/357.png,-97.32476,27.71358,Southland Conference
Wichita State,2724,Shockers,Wichita State,WICH,Wichita State Shockers,Wichita State,https://a.espncdn.com/i/teamlogos/ncaa/500/2724.png,https://a.espncdn.com/i/teamlogos/ncaa/500-dark/2724.png,-97.3156,37.7016,American Athletic Conference
North Texas,249,Mean Green,North Texas,UNT,North Texas Mean Green,North Texas,https://a.espncdn.com/i/teamlogos/ncaa/500/249.png,https://a.espncdn.com/i/teamlogos/ncaa/500-dark/249.png,-97.15446,33.20873,Conference USA
UT Arlington,250,Mavericks,UT Arlington,UTA,UT Arlington Mavericks,UT Arlington,https://a.espncdn.com/i/teamlogos/ncaa/500/250.png,https://a.espncdn.com/i/teamlogos/ncaa/500-dark/250.png,-97.12668,32.7293,Sun Belt Conference
North Dakota,155,Fighting Hawks,North Dakota,UND,North Dakota Fighting Hawks,North Dakota,https://a.espncdn.com/i/teamlogos/ncaa/500/155.png,https://a.espncdn.com/i/teamlogos/ncaa/500-dark/155.png,-97.09614,47.92976,The Summit League[r]
Oklahoma State,197,Cowboys,Oklahoma State,OKST,Oklahoma State Cowboys,Oklahoma State,https://a.espncdn.com/i/teamlogos/ncaa/500/197.png,https://a.espncdn.com/i/teamlogos/ncaa/500-dark/197.png,-97.08079,36.12412,Big 12 Conference
Baylor,239,Bears,Baylor,BAY,Baylor Bears,Baylor,https://a.espncdn.com/i/teamlogos/ncaa/500/239.png,https://a.espncdn.com/i/teamlogos/ncaa/500-dark/239.png,-97.07924,31.63432,Big 12 Conference
South Dakota,233,Coyotes,South Dakota,SDAK,South Dakota Coyotes,South Dakota,https://a.espncdn.com/i/teamlogos/ncaa/500/233.png,https://a.espncdn.com/i/teamlogos/ncaa/500-dark/233.png,-96.92421,42.78472,The Summit League[k]
North Dakota State,2449,Bison,North Dakota St,NDSU,North Dakota State Bison,North Dakota St,https://a.espncdn.com/i/teamlogos/ncaa/500/2449.png,https://a.espncdn.com/i/teamlogos/ncaa/500-dark/2449.png,-96.83417,46.86983,The Summit League[k]
South Dakota State,2571,Jackrabbits,South Dakota St,SDST,South Dakota State Jackrabbits,South Dakota St,https://a.espncdn.com/i/teamlogos/ncaa/500/2571.png,https://a.espncdn.com/i/teamlogos/ncaa/500-dark/2571.png,-96.78839,44.31941,The Summit League[k]
SMU,2567,Mustangs,SMU,SMU,SMU Mustangs,SMU,https://a.espncdn.com/i/teamlogos/ncaa/500/2567.png,https://a.espncdn.com/i/teamlogos/ncaa/500-dark/2567.png,-96.78083,32.8404,American Athletic Conference
Nebraska,158,Cornhuskers,Nebraska,NEB,Nebraska Cornhuskers,Nebraska,https://a.espncdn.com/i/teamlogos/ncaa/500/158.png,https://a.espncdn.com/i/teamlogos/ncaa/500-dark/158.png,-96.70057,40.81752,Big Ten Conference
Kansas State,2306,Wildcats,Kansas State,KSU,Kansas State Wildcats,Kansas State,https://a.espncdn.com/i/teamlogos/ncaa/500/2306.png,https://a.espncdn.com/i/teamlogos/ncaa/500-dark/2306.png,-96.58189,39.19252,Big 12 Conference
Texas A&M,245,Aggies,Texas A&M,TA&M,Texas A&M Aggies,Texas A&M,https://a.espncdn.com/i/teamlogos/ncaa/500/245.png,https://a.espncdn.com/i/teamlogos/ncaa/500-dark/245.png,-96.3344,30.628,Southeastern Conference
Creighton,156,Bluejays,Creighton,CREI,Creighton Bluejays,Creighton,https://a.espncdn.com/i/teamlogos/ncaa/500/156.png,https://a.espncdn.com/i/teamlogos/ncaa/500-dark/156.png,-96.00502,41.25778,Big East Conference
Omaha,2437,Mavericks,Omaha,OMA,Omaha Mavericks,Omaha,https://a.espncdn.com/i/teamlogos/ncaa/500/2437.png,https://a.espncdn.com/i/teamlogos/ncaa/500-dark/2437.png,-96.00502,41.25778,The Summit League
Oral Roberts,198,Golden Eagles,Oral Roberts,ORU,Oral Roberts Golden Eagles,Oral Roberts,https://a.espncdn.com/i/teamlogos/ncaa/500/198.png,https://a.espncdn.com/i/teamlogos/ncaa/500-dark/198.png,-95.96681,36.13447,The Summit League
Tulsa,202,Golden Hurricane,Tulsa,TLSA,Tulsa Golden Hurricane,Tulsa,https://a.espncdn.com/i/teamlogos/ncaa/500/202.png,https://a.espncdn.com/i/teamlogos/ncaa/500-dark/202.png,-95.96681,36.13447,American Athletic Conference
Sam Houston,2534,Bearkats,Sam Houston St,SHSU,Sam Houston State Bearkats,Sam Houston St,https://a.espncdn.com/i/teamlogos/ncaa/500/2534.png,https://a.espncdn.com/i/teamlogos/ncaa/500-dark/2534.png,-95.54662,30.72262,Southland Conference[a]
Houston,248,Cougars,Houston,HOU,Houston Cougars,Houston,https://a.espncdn.com/i/teamlogos/ncaa/500/248.png,https://a.espncdn.com/i/teamlogos/ncaa/500-dark/248.png,-95.31593,29.69394,American Athletic Conference
Houston Baptist,2277,Huskies,Houston Baptist,HBU,Houston Baptist Huskies,Houston Baptist,https://a.espncdn.com/i/teamlogos/ncaa/500/2277.png,https://a.espncdn.com/i/teamlogos/ncaa/500-dark/2277.png,-95.31593,29.69394,Southland Conference
Rice,242,Owls,Rice,RICE,Rice Owls,Rice,https://a.espncdn.com/i/teamlogos/ncaa/500/242.png,https://a.espncdn.com/i/teamlogos/ncaa/500-dark/242.png,-95.31593,29.69394,Conference USA
Texas Southern,2640,Tigers,Texas Southern,TXSO,Texas Southern Tigers,Texas Southern,https://a.espncdn.com/i/teamlogos/ncaa/500/2640.png,https://a.espncdn.com/i/teamlogos/ncaa/500-dark/2640.png,-95.31593,29.69394,Southwestern Athletic Conference
Kansas,2305,Jayhawks,Kansas,KU,Kansas Jayhawks,Kansas,https://a.espncdn.com/i/teamlogos/ncaa/500/2305.png,https://a.espncdn.com/i/teamlogos/ncaa/500-dark/2305.png,-95.2458,38.95909,Big 12 Conference
Stephen F. Austin,2617,Lumberjacks,SF Austin,SFA,Stephen F. Austin Lumberjacks,SF Austin,https://a.espncdn.com/i/teamlogos/ncaa/500/2617.png,https://a.espncdn.com/i/teamlogos/ncaa/500-dark/2617.png,-94.6821,31.64183,Southland Conference[a]
UM Kansas City,140,Roos,UM Kansas City,UMKC,UM Kansas City Roos,UM Kansas City,https://a.espncdn.com/i/teamlogos/ncaa/500/140.png,https://a.espncdn.com/i/teamlogos/ncaa/500-dark/140.png,-94.57857,39.09973,The Summit League
Arkansas,8,Razorbacks,Arkansas,ARK,Arkansas Razorbacks,Arkansas,https://a.espncdn.com/i/teamlogos/ncaa/500/8.png,https://a.espncdn.com/i/teamlogos/ncaa/500-dark/8.png,-94.18112,36.06167,Southeastern Conference
Lamar,2320,Cardinals,Lamar,LAM,Lamar Cardinals,Lamar,https://a.espncdn.com/i/teamlogos/ncaa/500/2320.png,https://a.espncdn.com/i/teamlogos/ncaa/500-dark/2320.png,-94.11983,30.07065,Southland Conference[a]
Iowa State,66,Cyclones,Iowa State,ISU,Iowa State Cyclones,Iowa State,https://a.espncdn.com/i/teamlogos/ncaa/500/66.png,https://a.espncdn.com/i/teamlogos/ncaa/500-dark/66.png,-93.70558,42.11484,Big 12 Conference
Drake,2181,Bulldogs,Drake,DRKE,Drake Bulldogs,Drake,https://a.espncdn.com/i/teamlogos/ncaa/500/2181.png,https://a.espncdn.com/i/teamlogos/ncaa/500-dark/2181.png,-93.66067,41.62768,Missouri Valley Conference[c]
Minnesota,135,Golden Gophers,Minnesota,MINN,Minnesota Golden Gophers,Minnesota,https://a.espncdn.com/i/teamlogos/ncaa/500/135.png,https://a.espncdn.com/i/teamlogos/ncaa/500-dark/135.png,-93.23475,44.97593,Big Ten Conference
McNeese,2377,Cowboys,McNeese,MCNS,McNeese Cowboys,McNeese,https://a.espncdn.com/i/teamlogos/ncaa/500/2377.png,https://a.espncdn.com/i/teamlogos/ncaa/500-dark/2377.png,-93.21565,30.18076,Southland Conference
Northwestern State,2466,Demons,Northwestern St,NWST,Northwestern State Demons,Northwestern St,https://a.espncdn.com/i/teamlogos/ncaa/500/2466.png,https://a.espncdn.com/i/teamlogos/ncaa/500-dark/2466.png,-93.10945,31.74362,Southland Conference
Grambling,2755,Tigers,Grambling,GRAM,Grambling Tigers,Grambling,https://a.espncdn.com/i/teamlogos/ncaa/500/2755.png,https://a.espncdn.com/i/teamlogos/ncaa/500-dark/2755.png,-92.71737,32.5227,Southwestern Athletic Conference
Louisiana Tech,2348,Bulldogs,Louisiana Tech,LT,Louisiana Tech Bulldogs,Louisiana Tech,https://a.espncdn.com/i/teamlogos/ncaa/500/2348.png,https://a.espncdn.com/i/teamlogos/ncaa/500-dark/2348.png,-92.64717,32.5383,Conference USA
Northern Iowa,2460,Panthers,Northern Iowa,UNI,Northern Iowa Panthers,Northern Iowa,https://a.espncdn.com/i/teamlogos/ncaa/500/2460.png,https://a.espncdn.com/i/teamlogos/ncaa/500-dark/2460.png,-92.45964,42.5126,Missouri Valley Conference[k]
Central Arkansas,2110,Bears,Cent Arkansas,UCA,Central Arkansas Bears,Cent Arkansas,https://a.espncdn.com/i/teamlogos/ncaa/500/2110.png,https://a.espncdn.com/i/teamlogos/ncaa/500-dark/2110.png,-92.4571,35.07925,Southland Conference[e]
Little Rock,2031,Trojans,Little Rock,UALR,Little Rock Trojans,Little Rock,https://a.espncdn.com/i/teamlogos/ncaa/500/2031.png,https://a.espncdn.com/i/teamlogos/ncaa/500-dark/2031.png,-92.34126,34.72176,Sun Belt Conference
Missouri,142,Tigers,Missouri,MIZ,Missouri Tigers,Missouri,https://a.espncdn.com/i/teamlogos/ncaa/500/142.png,https://a.espncdn.com/i/teamlogos/ncaa/500-dark/142.png,-92.32888,38.94526,Southeastern Conference
UL Monroe,2433,Warhawks,UL Monroe,ULM,UL Monroe Warhawks,UL Monroe,https://a.espncdn.com/i/teamlogos/ncaa/500/2433.png,https://a.espncdn.com/i/teamlogos/ncaa/500-dark/2433.png,-92.1193,32.50931,Sun Belt Conference
Arkansas-Pine Bluff,2029,Golden Lions,Ark-Pine Bluff,UAPB,Arkansas-Pine Bluff Golden Lions,Ark-Pine Bluff,https://a.espncdn.com/i/teamlogos/ncaa/500/2029.png,https://a.espncdn.com/i/teamlogos/ncaa/500-dark/2029.png,-92.01958,34.24232,Southwestern Athletic Conference
Louisiana,309,Ragin' Cajuns,Louisiana,ULL,Louisiana Ragin' Cajuns,Louisiana,https://a.espncdn.com/i/teamlogos/ncaa/500/309.png,https://a.espncdn.com/i/teamlogos/ncaa/500-dark/309.png,-92.01941,30.21528,Sun Belt Conference
Iowa,2294,Hawkeyes,Iowa,IOWA,Iowa Hawkeyes,Iowa,https://a.espncdn.com/i/teamlogos/ncaa/500/2294.png,https://a.espncdn.com/i/teamlogos/ncaa/500-dark/2294.png,-91.53017,41.66113,Big Ten Conference
Missouri State,2623,Bears,Missouri State,MOST,Missouri State Bears,Missouri State,https://a.espncdn.com/i/teamlogos/ncaa/500/2623.png,https://a.espncdn.com/i/teamlogos/ncaa/500-dark/2623.png,-91.52321,39.79421,Missouri Valley Conference[k]
Alcorn State,2016,Braves,Alcorn State,ALCN,Alcorn State Braves,Alcorn State,https://a.espncdn.com/i/teamlogos/ncaa/500/2016.png,https://a.espncdn.com/i/teamlogos/ncaa/500-dark/2016.png,-91.13155,31.8669,Southwestern Athletic Conference
LSU,99,Tigers,LSU,LSU,LSU Tigers,LSU,https://a.espncdn.com/i/teamlogos/ncaa/500/99.png,https://a.espncdn.com/i/teamlogos/ncaa/500-dark/99.png,-91.10355,30.38261,Southeastern Conference
Southern,2582,Jaguars,Southern,SOU,Southern Jaguars,Southern,https://a.espncdn.com/i/teamlogos/ncaa/500/2582.png,https://a.espncdn.com/i/teamlogos/ncaa/500-dark/2582.png,-91.10355,30.38261,Southwestern Athletic Conference
Nicholls,2447,Colonels,Nicholls,NICH,Nicholls Colonels,Nicholls,https://a.espncdn.com/i/teamlogos/ncaa/500/2447.png,https://a.espncdn.com/i/teamlogos/ncaa/500-dark/2447.png,-90.84083,29.77417,Southland Conference
Western Illinois,2710,Leathernecks,W Illinois,WIU,Western Illinois Leathernecks,W Illinois,https://a.espncdn.com/i/teamlogos/ncaa/500/2710.png,https://a.espncdn.com/i/teamlogos/ncaa/500-dark/2710.png,-90.68374,40.46421,The Summit League[k]
Arkansas State,2032,Red Wolves,Arkansas State,ARST,Arkansas State Red Wolves,Arkansas State,https://a.espncdn.com/i/teamlogos/ncaa/500/2032.png,https://a.espncdn.com/i/teamlogos/ncaa/500-dark/2032.png,-90.66648,35.80838,Sun Belt Conference
Southeastern Louisiana,2545,Lions,SE Louisiana,SELA,SE Louisiana Lions,SE Louisiana,https://a.espncdn.com/i/teamlogos/ncaa/500/2545.png,https://a.espncdn.com/i/teamlogos/ncaa/500-dark/2545.png,-90.4712,30.51519,Southland Conference
Mississippi State,344,Bulldogs,Mississippi St,MSST,Mississippi State Bulldogs,Mississippi St,https://a.espncdn.com/i/teamlogos/ncaa/500/344.png,https://a.espncdn.com/i/teamlogos/ncaa/500-dark/344.png,-90.33967,33.51186,Southeastern Conference
Mississippi Valley State,2400,Delta Devils,Miss Valley St,MVSU,Mississippi Valley State Delta Devils,Miss Valley St,https://a.espncdn.com/i/teamlogos/ncaa/500/2400.png,https://a.espncdn.com/i/teamlogos/ncaa/500-dark/2400.png,-90.33967,33.51186,Southwestern Athletic Conference
Saint Louis,139,Billikens,Saint Louis,SLU,Saint Louis Billikens,Saint Louis,https://a.espncdn.com/i/teamlogos/ncaa/500/139.png,https://a.espncdn.com/i/teamlogos/ncaa/500-dark/139.png,-90.23372,38.63533,Atlantic 10 Conference
Jackson State,2296,Tigers,Jackson State,JKST,Jackson State Tigers,Jackson State,https://a.espncdn.com/i/teamlogos/ncaa/500/2296.png,https://a.espncdn.com/i/teamlogos/ncaa/500-dark/2296.png,-90.18481,32.29876,Southwestern Athletic Conference
New Orleans,2443,Privateers,New Orleans,UNO,New Orleans Privateers,New Orleans,https://a.espncdn.com/i/teamlogos/ncaa/500/2443.png,https://a.espncdn.com/i/teamlogos/ncaa/500-dark/2443.png,-90.07507,29.95465,Southland Conference
Tulane,2655,Green Wave,Tulane,TULN,Tulane Green Wave,Tulane,https://a.espncdn.com/i/teamlogos/ncaa/500/2655.png,https://a.espncdn.com/i/teamlogos/ncaa/500-dark/2655.png,-90.07507,29.95465,American Athletic Conference
Memphis,235,Tigers,Memphis,MEM,Memphis Tigers,Memphis,https://a.espncdn.com/i/teamlogos/ncaa/500/235.png,https://a.espncdn.com/i/teamlogos/ncaa/500-dark/235.png,-89.93731,35.1187,American Athletic Conference
Bradley,71,Braves,Bradley,BRAD,Bradley Braves,Bradley,https://a.espncdn.com/i/teamlogos/ncaa/500/71.png,https://a.espncdn.com/i/teamlogos/ncaa/500-dark/71.png,-89.63121,40.74531,Missouri Valley Conference
Southeast Missouri State,2546,Redhawks,SE Missouri St,SEMO,Southeast Missouri State Redhawks,SE Missouri St,https://a.espncdn.com/i/teamlogos/ncaa/500/2546.png,https://a.espncdn.com/i/teamlogos/ncaa/500-dark/2546.png,-89.59015,37.34553,Ohio Valley Conference
Ole Miss,145,Rebels,Ole Miss,MISS,Ole Miss Rebels,Ole Miss,https://a.espncdn.com/i/teamlogos/ncaa/500/145.png,https://a.espncdn.com/i/teamlogos/ncaa/500-dark/145.png,-89.53536,34.36677,Southeastern Conference
Wisconsin,275,Badgers,Wisconsin,WISC,Wisconsin Badgers,Wisconsin,https://a.espncdn.com/i/teamlogos/ncaa/500/275.png,https://a.espncdn.com/i/teamlogos/ncaa/500-dark/275.png,-89.41095,43.07388,Big Ten Conference
Southern Miss,2572,Golden Eagles,Southern Miss,USM,Southern Miss Golden Eagles,Southern Miss,https://a.espncdn.com/i/teamlogos/ncaa/500/2572.png,https://a.espncdn.com/i/teamlogos/ncaa/500-dark/2572.png,-89.33197,31.32694,Conference USA
Illinois State,2287,Redbirds,Illinois State,ILST,Illinois State Redbirds,Illinois State,https://a.espncdn.com/i/teamlogos/ncaa/500/2287.png,https://a.espncdn.com/i/teamlogos/ncaa/500-dark/2287.png,-88.91395,40.48299,Missouri Valley Conference[k]
UT Martin,2630,Skyhawks,UT Martin,UTM,UT Martin Skyhawks,UT Martin,https://a.espncdn.com/i/teamlogos/ncaa/500/2630.png,https://a.espncdn.com/i/teamlogos/ncaa/500-dark/2630.png,-88.86423,36.34145,Ohio Valley Conference
Northern Illinois,2459,Huskies,N Illinois,NIU,Northern Illinois Huskies,N Illinois,https://a.espncdn.com/i/teamlogos/ncaa/500/2459.png,https://a.espncdn.com/i/teamlogos/ncaa/500-dark/2459.png,-88.77592,41.93753,Mid-American Conference
Murray State,93,Racers,Murray State,MUR,Murray State Racers,Murray State,https://a.espncdn.com/i/teamlogos/ncaa/500/93.png,https://a.espncdn.com/i/teamlogos/ncaa/500-dark/93.png,-88.32226,36.61144,Ohio Valley Conference
Eastern Illinois,2197,Panthers,E Illinois,EIU,Eastern Illinois Panthers,E Illinois,https://a.espncdn.com/i/teamlogos/ncaa/500/2197.png,https://a.espncdn.com/i/teamlogos/ncaa/500-dark/2197.png,-88.1756,39.48059,Ohio Valley Conference
South Alabama,6,Jaguars,South Alabama,USA,South Alabama Jaguars,South Alabama,https://a.espncdn.com/i/teamlogos/ncaa/500/6.png,https://a.espncdn.com/i/teamlogos/ncaa/500-dark/6.png,-88.04305,30.69436,Sun Belt Conference
Green Bay,2739,Phoenix,Green Bay,GB,Green Bay Phoenix,Green Bay,https://a.espncdn.com/i/teamlogos/ncaa/500/2739.png,https://a.espncdn.com/i/teamlogos/ncaa/500-dark/2739.png,-87.91994,44.53229,Horizon League
Marquette,269,Golden Eagles,Marquette,MARQ,Marquette Golden Eagles,Marquette,https://a.espncdn.com/i/teamlogos/ncaa/500/269.png,https://a.espncdn.com/i/teamlogos/ncaa/500-dark/269.png,-87.88126,43.07535,Big East Conference
Milwaukee,270,Panthers,Milwaukee,MILW,Milwaukee Panthers,Milwaukee,https://a.espncdn.com/i/teamlogos/ncaa/500/270.png,https://a.espncdn.com/i/teamlogos/ncaa/500-dark/270.png,-87.88126,43.07535,Horizon League
St. Francis (PA),2598,Red Flash,St. Fran. (PA),SFPA,St. Francis (PA) Red Flash,St. Fran. (PA),https://a.espncdn.com/i/teamlogos/ncaa/500/2598.png,https://a.espncdn.com/i/teamlogos/ncaa/500-dark/2598.png,-87.71338,41.70726,Northeast Conference
Northwestern,77,Wildcats,Northwestern,NW,Northwestern Wildcats,Northwestern,https://a.espncdn.com/i/teamlogos/ncaa/500/77.png,https://a.espncdn.com/i/teamlogos/ncaa/500-dark/77.png,-87.6745,42.05559,Big Ten Conference
Chicago State,2130,Cougars,Chicago State,CHIC,Chicago State Cougars,Chicago State,https://a.espncdn.com/i/teamlogos/ncaa/500/2130.png,https://a.espncdn.com/i/teamlogos/ncaa/500-dark/2130.png,-87.64922,41.87198,Western Athletic Conference[f]
DePaul,305,Blue Demons,DePaul,DEP,DePaul Blue Demons,DePaul,https://a.espncdn.com/i/teamlogos/ncaa/500/305.png,https://a.espncdn.com/i/teamlogos/ncaa/500-dark/305.png,-87.64922,41.87198,Big East Conference
Loyola Chicago,2350,Ramblers,Loyola Chicago,LUC,Loyola Chicago Ramblers,Loyola Chicago,https://a.espncdn.com/i/teamlogos/ncaa/500/2350.png,https://a.espncdn.com/i/teamlogos/ncaa/500-dark/2350.png,-87.64922,41.87198,Missouri Valley Conference
UIC,82,Flames,UIC,UIC,UIC Flames,UIC,https://a.espncdn.com/i/teamlogos/ncaa/500/82.png,https://a.espncdn.com/i/teamlogos/ncaa/500-dark/82.png,-87.64922,41.87198,Horizon League
Alabama,333,Crimson Tide,Alabama,ALA,Alabama Crimson Tide,Alabama,https://a.espncdn.com/i/teamlogos/ncaa/500/333.png,https://a.espncdn.com/i/teamlogos/ncaa/500-dark/333.png,-87.56917,33.20984,Southeastern Conference
Evansville,339,Purple Aces,Evansville,EVAN,Evansville Purple Aces,Evansville,https://a.espncdn.com/i/teamlogos/ncaa/500/339.png,https://a.espncdn.com/i/teamlogos/ncaa/500-dark/339.png,-87.53168,37.97171,Missouri Valley Conference
Indiana State,282,Sycamores,Indiana State,INST,Indiana State Sycamores,Indiana State,https://a.espncdn.com/i/teamlogos/ncaa/500/282.png,https://a.espncdn.com/i/teamlogos/ncaa/500-dark/282.png,-87.40863,39.46865,Missouri Valley Conference[k]
Austin Peay,2046,Governors,Austin Peay,APSU,Austin Peay Governors,Austin Peay,https://a.espncdn.com/i/teamlogos/ncaa/500/2046.png,https://a.espncdn.com/i/teamlogos/ncaa/500-dark/2046.png,-87.35408,36.53332,Ohio Valley Conference
Valparaiso,2674,,Valparaiso,VALP,Valparaiso,Valparaiso,https://a.espncdn.com/i/teamlogos/ncaa/500/2674.png,https://a.espncdn.com/i/teamlogos/ncaa/500-dark/2674.png,-87.04364,41.46254,Missouri Valley Conference[c]
Purdue,2509,Boilermakers,Purdue,PUR,Purdue Boilermakers,Purdue,https://a.espncdn.com/i/teamlogos/ncaa/500/2509.png,https://a.espncdn.com/i/teamlogos/ncaa/500-dark/2509.png,-86.93668,40.41226,Big Ten Conference
UAB,5,Blazers,UAB,UAB,UAB Blazers,UAB,https://a.espncdn.com/i/teamlogos/ncaa/500/5.png,https://a.espncdn.com/i/teamlogos/ncaa/500-dark/5.png,-86.80249,33.52066,Conference USA
Samford,2535,Bulldogs,Samford,SAM,Samford Bulldogs,Samford,https://a.espncdn.com/i/teamlogos/ncaa/500/2535.png,https://a.espncdn.com/i/teamlogos/ncaa/500-dark/2535.png,-86.80082,33.47177,Southern Conference
Belmont,2057,Bruins,Belmont,BEL,Belmont Bruins,Belmont,https://a.espncdn.com/i/teamlogos/ncaa/500/2057.png,https://a.espncdn.com/i/teamlogos/ncaa/500-dark/2057.png,-86.78694,36.16339,Ohio Valley Conference
Lipscomb,288,Bisons,Lipscomb,LIP,Lipscomb Bisons,Lipscomb,https://a.espncdn.com/i/teamlogos/ncaa/500/288.png,https://a.espncdn.com/i/teamlogos/ncaa/500-dark/288.png,-86.78694,36.16339,ASUN Conference
Tennessee State,2634,Tigers,Tennessee State,TNST,Tennessee State Tigers,Tennessee State,https://a.espncdn.com/i/teamlogos/ncaa/500/2634.png,https://a.espncdn.com/i/teamlogos/ncaa/500-dark/2634.png,-86.78694,36.16339,Ohio Valley Conference
Vanderbilt,238,Commodores,Vanderbilt,VAN,Vanderbilt Commodores,Vanderbilt,https://a.espncdn.com/i/teamlogos/ncaa/500/238.png,https://a.espncdn.com/i/teamlogos/ncaa/500-dark/238.png,-86.78694,36.16339,Southeastern Conference
Alabama A&M,2010,Bulldogs,Alabama A&M,AAMU,Alabama A&M Bulldogs,Alabama A&M,https://a.espncdn.com/i/teamlogos/ncaa/500/2010.png,https://a.espncdn.com/i/teamlogos/ncaa/500-dark/2010.png,-86.58594,34.7304,Southwestern Athletic Conference
Indiana,84,Hoosiers,Indiana,IU,Indiana Hoosiers,Indiana,https://a.espncdn.com/i/teamlogos/ncaa/500/84.png,https://a.espncdn.com/i/teamlogos/ncaa/500-dark/84.png,-86.53412,39.18325,Big Ten Conference
Western Kentucky,98,Hilltoppers,Western KY,WKU,Western Kentucky Hilltoppers,Western KY,https://a.espncdn.com/i/teamlogos/ncaa/500/98.png,https://a.espncdn.com/i/teamlogos/ncaa/500-dark/98.png,-86.45166,36.98754,Conference USA
Middle Tennessee,2393,Blue Raiders,Middle Tenn,MTU,Middle Tennessee Blue Raiders,Middle Tenn,https://a.espncdn.com/i/teamlogos/ncaa/500/2393.png,https://a.espncdn.com/i/teamlogos/ncaa/500-dark/2393.png,-86.36999,35.85229,Conference USA
Alabama State,2011,Hornets,Alabama State,ALST,Alabama State Hornets,Alabama State,https://a.espncdn.com/i/teamlogos/ncaa/500/2011.png,https://a.espncdn.com/i/teamlogos/ncaa/500-dark/2011.png,-86.29997,32.36681,Southwestern Athletic Conference
Notre Dame,87,Fighting Irish,Notre Dame,ND,Notre Dame Fighting Irish,Notre Dame,https://a.espncdn.com/i/teamlogos/ncaa/500/87.png,https://a.espncdn.com/i/teamlogos/ncaa/500-dark/87.png,-86.22192,41.66532,Atlantic Coast Conference[s]
Butler,2086,Bulldogs,Butler,BUT,Butler Bulldogs,Butler,https://a.espncdn.com/i/teamlogos/ncaa/500/2086.png,https://a.espncdn.com/i/teamlogos/ncaa/500-dark/2086.png,-86.18527,39.77643,Big East Conference[c]
IUPUI,85,Jaguars,IUPUI,IUPU,IUPUI Jaguars,IUPUI,https://a.espncdn.com/i/teamlogos/ncaa/500/85.png,https://a.espncdn.com/i/teamlogos/ncaa/500-dark/85.png,-86.18527,39.77643,Horizon League
Troy,2653,Trojans,Troy,TROY,Troy Trojans,Troy,https://a.espncdn.com/i/teamlogos/ncaa/500/2653.png,https://a.espncdn.com/i/teamlogos/ncaa/500-dark/2653.png,-85.96995,31.80877,Sun Belt Conference
Jacksonville State,55,Gamecocks,Jacksonville St,JVST,Jacksonville State Gamecocks,Jacksonville St,https://a.espncdn.com/i/teamlogos/ncaa/500/55.png,https://a.espncdn.com/i/teamlogos/ncaa/500-dark/55.png,-85.7613,33.81382,Ohio Valley Conference[e]
Bellarmine,91,Knights,Bellarmine,BELL,Bellarmine Knights,Bellarmine,https://a.espncdn.com/i/teamlogos/ncaa/500/91.png,https://a.espncdn.com/i/teamlogos/ncaa/500-dark/91.png,-85.741907,38.200243,ASUN Conference
Western Michigan,2711,Broncos,W Michigan,WMU,Western Michigan Broncos,W Michigan,https://a.espncdn.com/i/teamlogos/ncaa/500/2711.png,https://a.espncdn.com/i/teamlogos/ncaa/500-dark/2711.png,-85.60056,42.2906,Mid-American Conference
Louisville,97,Cardinals,Louisville,LOU,Louisville Cardinals,Louisville,https://a.espncdn.com/i/teamlogos/ncaa/500/97.png,https://a.espncdn.com/i/teamlogos/ncaa/500-dark/97.png,-85.58274,38.25368,Atlantic Coast Conference
Tennessee Tech,2635,Golden Eagles,Tennessee Tech,TNTC,Tennessee Tech Golden Eagles,Tennessee Tech,https://a.espncdn.com/i/teamlogos/ncaa/500/2635.png,https://a.espncdn.com/i/teamlogos/ncaa/500-dark/2635.png,-85.5245,36.14464,Ohio Valley Conference
Auburn,2,Tigers,Auburn,AUB,Auburn Tigers,Auburn,https://a.espncdn.com/i/teamlogos/ncaa/500/2.png,https://a.espncdn.com/i/teamlogos/ncaa/500-dark/2.png,-85.48078,32.60986,Southeastern Conference
Ball State,2050,Cardinals,Ball State,BALL,Ball State Cardinals,Ball State,https://a.espncdn.com/i/teamlogos/ncaa/500/2050.png,https://a.espncdn.com/i/teamlogos/ncaa/500-dark/2050.png,-85.41247,40.19949,Mid-American Conference
Chattanooga,236,Mocs,Chattanooga,UTC,Chattanooga Mocs,Chattanooga,https://a.espncdn.com/i/teamlogos/ncaa/500/236.png,https://a.espncdn.com/i/teamlogos/ncaa/500-dark/236.png,-85.30024,35.04619,Southern Conference
Purdue Fort Wayne,2870,Mastodons,Purdue FW,PFW,Purdue Fort Wayne Mastodons,Purdue FW,https://a.espncdn.com/i/teamlogos/ncaa/500/2870.png,https://a.espncdn.com/i/teamlogos/ncaa/500-dark/2870.png,-85.09719,41.11672,Horizon League
Miami (OH),193,Redhawks,Miami (OH),M-OH,Miami (OH) Redhawks,Miami (OH),https://a.espncdn.com/i/teamlogos/ncaa/500/193.png,https://a.espncdn.com/i/teamlogos/ncaa/500-dark/193.png,-84.78263,39.50727,Mid-American Conference
Central Michigan,2117,Chippewas,Cent Michigan,CMU,Central Michigan Chippewas,Cent Michigan,https://a.espncdn.com/i/teamlogos/ncaa/500/2117.png,https://a.espncdn.com/i/teamlogos/ncaa/500-dark/2117.png,-84.76917,43.58028,Mid-American Conference
Kennesaw State,338,Owls,Kennesaw State,KENN,Kennesaw State Owls,Kennesaw State,https://a.espncdn.com/i/teamlogos/ncaa/500/338.png,https://a.espncdn.com/i/teamlogos/ncaa/500-dark/338.png,-84.5265,33.96119,ASUN Conference[l]
Cincinnati,2132,Bearcats,Cincinnati,CIN,Cincinnati Bearcats,Cincinnati,https://a.espncdn.com/i/teamlogos/ncaa/500/2132.png,https://a.espncdn.com/i/teamlogos/ncaa/500-dark/2132.png,-84.51633,39.13145,American Athletic Conference
Xavier,2752,Musketeers,Xavier,XAV,Xavier Musketeers,Xavier,https://a.espncdn.com/i/teamlogos/ncaa/500/2752.png,https://a.espncdn.com/i/teamlogos/ncaa/500-dark/2752.png,-84.51633,39.13145,Big East Conference
Kentucky,96,Wildcats,Kentucky,UK,Kentucky Wildcats,Kentucky,https://a.espncdn.com/i/teamlogos/ncaa/500/96.png,https://a.espncdn.com/i/teamlogos/ncaa/500-dark/96.png,-84.49938,38.03036,Southeastern Conference
Michigan State,127,Spartans,Michigan State,MSU,Michigan State Spartans,Michigan State,https://a.espncdn.com/i/teamlogos/ncaa/500/127.png,https://a.espncdn.com/i/teamlogos/ncaa/500-dark/127.png,-84.48949,42.72536,Big Ten Conference
Northern Kentucky,94,Norse,N Kentucky,NKU,Northern Kentucky Norse,N Kentucky,https://a.espncdn.com/i/teamlogos/ncaa/500/94.png,https://a.espncdn.com/i/teamlogos/ncaa/500-dark/94.png,-84.46444,39.03111,Horizon League
Georgia State,2247,Panthers,Georgia State,GAST,Georgia State Panthers,Georgia State,https://a.espncdn.com/i/teamlogos/ncaa/500/2247.png,https://a.espncdn.com/i/teamlogos/ncaa/500-dark/2247.png,-84.3859,33.75357,Sun Belt Conference
Georgia Tech,59,Yellow Jackets,Georgia Tech,GT,Georgia Tech Yellow Jackets,Georgia Tech,https://a.espncdn.com/i/teamlogos/ncaa/500/59.png,https://a.espncdn.com/i/teamlogos/ncaa/500-dark/59.png,-84.3859,33.75357,Atlantic Coast Conference
Dayton,2168,Flyers,Dayton,DAY,Dayton Flyers,Dayton,https://a.espncdn.com/i/teamlogos/ncaa/500/2168.png,https://a.espncdn.com/i/teamlogos/ncaa/500-dark/2168.png,-84.32543,39.85624,Atlantic 10 Conference[c]
Eastern Kentucky,2198,Colonels,E Kentucky,EKU,Eastern Kentucky Colonels,E Kentucky,https://a.espncdn.com/i/teamlogos/ncaa/500/2198.png,https://a.espncdn.com/i/teamlogos/ncaa/500-dark/2198.png,-84.3016,37.73814,Ohio Valley Conference[e]
Florida A&M,50,Rattlers,Florida A&M,FAMU,Florida A&M Rattlers,Florida A&M,https://a.espncdn.com/i/teamlogos/ncaa/500/50.png,https://a.espncdn.com/i/teamlogos/ncaa/500-dark/50.png,-84.29712,30.4502,Mid-Eastern Athletic Conference[b]
Florida State,52,Seminoles,Florida State,FSU,Florida State Seminoles,Florida State,https://a.espncdn.com/i/teamlogos/ncaa/500/52.png,https://a.espncdn.com/i/teamlogos/ncaa/500-dark/52.png,-84.29712,30.4502,Atlantic Coast Conference
Wright State,2750,Raiders,Wright State,WRST,Wright State Raiders,Wright State,https://a.espncdn.com/i/teamlogos/ncaa/500/2750.png,https://a.espncdn.com/i/teamlogos/ncaa/500-dark/2750.png,-84.06355,39.78367,Horizon League
Tennessee,2633,Volunteers,Tennessee,TENN,Tennessee Volunteers,Tennessee,https://a.espncdn.com/i/teamlogos/ncaa/500/2633.png,https://a.espncdn.com/i/teamlogos/ncaa/500-dark/2633.png,-84.04764,35.92372,Southeastern Conference
Siena,2561,Saints,Siena,SIE,Siena Saints,Siena,https://a.espncdn.com/i/teamlogos/ncaa/500/2561.png,https://a.espncdn.com/i/teamlogos/ncaa/500-dark/2561.png,-84.01467,41.90616,Metro Atlantic Athletic Conference
Toledo,2649,Rockets,Toledo,TOL,Toledo Rockets,Toledo,https://a.espncdn.com/i/teamlogos/ncaa/500/2649.png,https://a.espncdn.com/i/teamlogos/ncaa/500-dark/2649.png,-83.79079,41.60103,Mid-American Conference
Michigan,130,Wolverines,Michigan,MICH,Michigan Wolverines,Michigan,https://a.espncdn.com/i/teamlogos/ncaa/500/130.png,https://a.espncdn.com/i/teamlogos/ncaa/500-dark/130.png,-83.73605,42.27587,Big Ten Conference
Bowling Green,189,Falcons,Bowling Green,BGSU,Bowling Green Falcons,Bowling Green,https://a.espncdn.com/i/teamlogos/ncaa/500/189.png,https://a.espncdn.com/i/teamlogos/ncaa/500-dark/189.png,-83.64625,41.45785,Mid-American Conference
Mercer,2382,Bears,Mercer,MER,Mercer Bears,Mercer,https://a.espncdn.com/i/teamlogos/ncaa/500/2382.png,https://a.espncdn.com/i/teamlogos/ncaa/500-dark/2382.png,-83.6365,32.83423,Southern Conference
Eastern Michigan,2199,Eagles,E Michigan,EMU,Eastern Michigan Eagles,E Michigan,https://a.espncdn.com/i/teamlogos/ncaa/500/2199.png,https://a.espncdn.com/i/teamlogos/ncaa/500-dark/2199.png,-83.62272,42.24698,Mid-American Conference
Morehead State,2413,Eagles,Morehead State,MORE,Morehead State Eagles,Morehead State,https://a.espncdn.com/i/teamlogos/ncaa/500/2413.png,https://a.espncdn.com/i/teamlogos/ncaa/500-dark/2413.png,-83.435,38.18575,Ohio Valley Conference[c]
Georgia,61,Bulldogs,Georgia,UGA,Georgia Bulldogs,Georgia,https://a.espncdn.com/i/teamlogos/ncaa/500/61.png,https://a.espncdn.com/i/teamlogos/ncaa/500-dark/61.png,-83.37794,33.96095,Southeastern Conference
Oakland,2473,Golden Grizzlies,Oakland,OAK,Oakland Golden Grizzlies,Oakland,https://a.espncdn.com/i/teamlogos/ncaa/500/2473.png,https://a.espncdn.com/i/teamlogos/ncaa/500-dark/2473.png,-83.21771,42.67587,Horizon League
Western Carolina,2717,Catamounts,W Carolina,WCU,Western Carolina Catamounts,W Carolina,https://a.espncdn.com/i/teamlogos/ncaa/500/2717.png,https://a.espncdn.com/i/teamlogos/ncaa/500-dark/2717.png,-83.18181,35.31093,Southern Conference
Ohio State,194,Buckeyes,Ohio State,OSU,Ohio State Buckeyes,Ohio State,https://a.espncdn.com/i/teamlogos/ncaa/500/194.png,https://a.espncdn.com/i/teamlogos/ncaa/500-dark/194.png,-82.99879,39.96118,Big Ten Conference
Clemson,228,Tigers,Clemson,CLEM,Clemson Tigers,Clemson,https://a.espncdn.com/i/teamlogos/ncaa/500/228.png,https://a.espncdn.com/i/teamlogos/ncaa/500-dark/228.png,-82.83875,34.67788,Atlantic Coast Conference
UNC Asheville,2427,Bulldogs,UNC Asheville,UNCA,UNC Asheville Bulldogs,UNC Asheville,https://a.espncdn.com/i/teamlogos/ncaa/500/2427.png,https://a.espncdn.com/i/teamlogos/ncaa/500-dark/2427.png,-82.56526,35.61662,Big South Conference
South Florida,58,Bulls,South Florida,USF,South Florida Bulls,South Florida,https://a.espncdn.com/i/teamlogos/ncaa/500/58.png,https://a.espncdn.com/i/teamlogos/ncaa/500-dark/58.png,-82.41537,28.06263,American Athletic Conference
Furman,231,Paladins,Furman,FUR,Furman Paladins,Furman,https://a.espncdn.com/i/teamlogos/ncaa/500/231.png,https://a.espncdn.com/i/teamlogos/ncaa/500-dark/231.png,-82.40179,34.84178,Southern Conference
Marshall,276,Thundering Herd,Marshall,MRSH,Marshall Thundering Herd,Marshall,https://a.espncdn.com/i/teamlogos/ncaa/500/276.png,https://a.espncdn.com/i/teamlogos/ncaa/500-dark/276.png,-82.3747,38.41031,Conference USA
East Tennessee State,2193,Buccaneers,ETSU,ETSU,East Tennessee State Buccaneers,ETSU,https://a.espncdn.com/i/teamlogos/ncaa/500/2193.png,https://a.espncdn.com/i/teamlogos/ncaa/500-dark/2193.png,-82.36903,36.30344,Southern Conference
Florida,57,Gators,Florida,FLA,Florida Gators,Florida,https://a.espncdn.com/i/teamlogos/ncaa/500/57.png,https://a.espncdn.com/i/teamlogos/ncaa/500-dark/57.png,-82.3544,29.71163,Southeastern Conference
Ohio,195,Bobcats,Ohio,OHIO,Ohio Bobcats,Ohio,https://a.espncdn.com/i/teamlogos/ncaa/500/195.png,https://a.espncdn.com/i/teamlogos/ncaa/500-dark/195.png,-82.10931,39.32007,Mid-American Conference
South Carolina Upstate,2908,Spartans,SC Upstate,SCUP,South Carolina Upstate Spartans,SC Upstate,https://a.espncdn.com/i/teamlogos/ncaa/500/2908.png,https://a.espncdn.com/i/teamlogos/ncaa/500-dark/2908.png,-81.97011,34.99512,Big South Conference
Wofford,2747,Terriers,Wofford,WOF,Wofford Terriers,Wofford,https://a.espncdn.com/i/teamlogos/ncaa/500/2747.png,https://a.espncdn.com/i/teamlogos/ncaa/500-dark/2747.png,-81.97011,34.99512,Southern Conference
Presbyterian,2506,Blue Hose,Presbyterian,PRES,Presbyterian Blue Hose,Presbyterian,https://a.espncdn.com/i/teamlogos/ncaa/500/2506.png,https://a.espncdn.com/i/teamlogos/ncaa/500-dark/2506.png,-81.87843,34.46429,Big South Conference[t]
Florida Gulf Coast,526,Eagles,FGCU,FGCU,Florida Gulf Coast Eagles,FGCU,https://a.espncdn.com/i/teamlogos/ncaa/500/526.png,https://a.espncdn.com/i/teamlogos/ncaa/500-dark/526.png,-81.79207,26.55311,ASUN Conference
Georgia Southern,290,Eagles,GA Southern,GASO,Georgia Southern Eagles,GA Southern,https://a.espncdn.com/i/teamlogos/ncaa/500/290.png,https://a.espncdn.com/i/teamlogos/ncaa/500-dark/290.png,-81.78345,32.42546,Sun Belt Conference
Akron,2006,Zips,Akron,AKR,Akron Zips,Akron,https://a.espncdn.com/i/teamlogos/ncaa/500/2006.png,https://a.espncdn.com/i/teamlogos/ncaa/500-dark/2006.png,-81.72597,41.04795,Mid-American Conference
Appalachian State,2026,Mountaineers,Appalachian St,APP,Appalachian State Mountaineers,Appalachian St,https://a.espncdn.com/i/teamlogos/ncaa/500/2026.png,https://a.espncdn.com/i/teamlogos/ncaa/500-dark/2026.png,-81.68039,36.21457,Sun Belt Conference
Jacksonville,294,Dolphins,Jacksonville,JAX,Jacksonville Dolphins,Jacksonville,https://a.espncdn.com/i/teamlogos/ncaa/500/294.png,https://a.espncdn.com/i/teamlogos/ncaa/500-dark/294.png,-81.66438,30.34835,ASUN Conference
North Florida,2454,Ospreys,North Florida,UNF,North Florida Ospreys,North Florida,https://a.espncdn.com/i/teamlogos/ncaa/500/2454.png,https://a.espncdn.com/i/teamlogos/ncaa/500-dark/2454.png,-81.66438,30.34835,ASUN Conference
Cleveland State,325,Vikings,Cleveland State,CLEV,Cleveland State Vikings,Cleveland State,https://a.espncdn.com/i/teamlogos/ncaa/500/325.png,https://a.espncdn.com/i/teamlogos/ncaa/500-dark/325.png,-81.61846,41.43783,Horizon League
UCF,2116,Knights,UCF,UCF,UCF Knights,UCF,https://a.espncdn.com/i/teamlogos/ncaa/500/2116.png,https://a.espncdn.com/i/teamlogos/ncaa/500-dark/2116.png,-81.37924,28.53834,American Athletic Conference
Kent State,2309,Golden Flashes,Kent State,KENT,Kent State Golden Flashes,Kent State,https://a.espncdn.com/i/teamlogos/ncaa/500/2309.png,https://a.espncdn.com/i/teamlogos/ncaa/500-dark/2309.png,-81.33844,41.14783,Mid-American Conference
Stetson,56,Hatters,Stetson,STET,Stetson Hatters,Stetson,https://a.espncdn.com/i/teamlogos/ncaa/500/56.png,https://a.espncdn.com/i/teamlogos/ncaa/500-dark/56.png,-81.31726,29.04371,ASUN Conference[c]
South Carolina,2579,Gamecocks,South Carolina,SC,South Carolina Gamecocks,South Carolina,https://a.espncdn.com/i/teamlogos/ncaa/500/2579.png,https://a.espncdn.com/i/teamlogos/ncaa/500-dark/2579.png,-81.02648,33.99904,Southeastern Conference
South Carolina State,2569,Bulldogs,SC State,SCST,South Carolina State Bulldogs,SC State,https://a.espncdn.com/i/teamlogos/ncaa/500/2569.png,https://a.espncdn.com/i/teamlogos/ncaa/500-dark/2569.png,-80.85565,33.49182,Mid-Eastern Athletic Conference
Charlotte,2429,49ers,Charlotte,CHAR,Charlotte 49ers,Charlotte,https://a.espncdn.com/i/teamlogos/ncaa/500/2429.png,https://a.espncdn.com/i/teamlogos/ncaa/500-dark/2429.png,-80.73201,35.30514,Conference USA
Youngstown State,2754,Penguins,Youngstown St,YSU,Youngstown State Penguins,Youngstown St,https://a.espncdn.com/i/teamlogos/ncaa/500/2754.png,https://a.espncdn.com/i/teamlogos/ncaa/500-dark/2754.png,-80.66594,41.15325,Horizon League[k]
Radford,2515,Highlanders,Radford,RAD,Radford Highlanders,Radford,https://a.espncdn.com/i/teamlogos/ncaa/500/2515.png,https://a.espncdn.com/i/teamlogos/ncaa/500-dark/2515.png,-80.5495,37.13902,Big South Conference
Florida International,2229,Panthers,Florida Int'l,FIU,Florida International Panthers,Florida Int'l,https://a.espncdn.com/i/teamlogos/ncaa/500/2229.png,https://a.espncdn.com/i/teamlogos/ncaa/500-dark/2229.png,-80.37416,25.78145,Conference USA
Miami (FL),2390,Hurricanes,Miami,MIA,Miami Hurricanes,Miami,https://a.espncdn.com/i/teamlogos/ncaa/500/2390.png,https://a.espncdn.com/i/teamlogos/ncaa/500-dark/2390.png,-80.27866,25.71955,Atlantic Coast Conference
Wake Forest,154,Demon Deacons,Wake Forest,WAKE,Wake Forest Demon Deacons,Wake Forest,https://a.espncdn.com/i/teamlogos/ncaa/500/154.png,https://a.espncdn.com/i/teamlogos/ncaa/500-dark/154.png,-80.27727,36.13347,Atlantic Coast Conference
Davidson,2166,Wildcats,Davidson,DAV,Davidson Wildcats,Davidson,https://a.espncdn.com/i/teamlogos/ncaa/500/2166.png,https://a.espncdn.com/i/teamlogos/ncaa/500-dark/2166.png,-80.13103,35.84277,Atlantic 10 Conference[c]
Florida Atlantic,2226,Owls,FAU,FAU,Florida Atlantic Owls,FAU,https://a.espncdn.com/i/teamlogos/ncaa/500/2226.png,https://a.espncdn.com/i/teamlogos/ncaa/500-dark/2226.png,-80.1035,26.3731,Conference USA
Charleston Southern,2127,Buccaneers,Charleston So,CHSO,Charleston Southern Buccaneers,Charleston So,https://a.espncdn.com/i/teamlogos/ncaa/500/2127.png,https://a.espncdn.com/i/teamlogos/ncaa/500-dark/2127.png,-80.0725,32.98129,Big South Conference
High Point,2272,Panthers,High Point,HP,High Point Panthers,High Point,https://a.espncdn.com/i/teamlogos/ncaa/500/2272.png,https://a.espncdn.com/i/teamlogos/ncaa/500-dark/2272.png,-79.99365,35.97208,Big South Conference
Duquesne,2184,Dukes,Duquesne,DUQ,Duquesne Dukes,Duquesne,https://a.espncdn.com/i/teamlogos/ncaa/500/2184.png,https://a.espncdn.com/i/teamlogos/ncaa/500-dark/2184.png,-79.985,40.43615,Atlantic 10 Conference[g]
Pittsburgh,221,Panthers,Pittsburgh,PITT,Pittsburgh Panthers,Pittsburgh,https://a.espncdn.com/i/teamlogos/ncaa/500/221.png,https://a.espncdn.com/i/teamlogos/ncaa/500-dark/221.png,-79.985,40.43615,Atlantic Coast Conference
Charleston,232,Cougars,Charleston,COFC,Charleston Cougars,Charleston,https://a.espncdn.com/i/teamlogos/ncaa/500/232.png,https://a.espncdn.com/i/teamlogos/ncaa/500-dark/232.png,-79.96013,32.78919,Colonial Athletic Association
The Citadel,2643,Bulldogs,The Citadel,CIT,The Citadel Bulldogs,The Citadel,https://a.espncdn.com/i/teamlogos/ncaa/500/2643.png,https://a.espncdn.com/i/teamlogos/ncaa/500-dark/2643.png,-79.96013,32.78919,Southern Conference
West Virginia,277,Mountaineers,West Virginia,WVU,West Virginia Mountaineers,West Virginia,https://a.espncdn.com/i/teamlogos/ncaa/500/277.png,https://a.espncdn.com/i/teamlogos/ncaa/500-dark/277.png,-79.9559,39.62953,Big 12 Conference
North Carolina A&T,2448,Aggies,NC A&T,NCAT,North Carolina A&T Aggies,NC A&T,https://a.espncdn.com/i/teamlogos/ncaa/500/2448.png,https://a.espncdn.com/i/teamlogos/ncaa/500-dark/2448.png,-79.81114,36.07097,Mid-Eastern Athletic Conference[q]
UNC Greensboro,2430,Spartans,UNC Greensboro,UNCG,UNC Greensboro Spartans,UNC Greensboro,https://a.espncdn.com/i/teamlogos/ncaa/500/2430.png,https://a.espncdn.com/i/teamlogos/ncaa/500-dark/2430.png,-79.81114,36.07097,Southern Conference
Elon,2210,Phoenix,Elon,ELON,Elon Phoenix,Elon,https://a.espncdn.com/i/teamlogos/ncaa/500/2210.png,https://a.espncdn.com/i/teamlogos/ncaa/500-dark/2210.png,-79.50784,36.10466,Colonial Athletic Association
VMI,2678,Keydets,VMI,VMI,VMI Keydets,VMI,https://a.espncdn.com/i/teamlogos/ncaa/500/2678.png,https://a.espncdn.com/i/teamlogos/ncaa/500-dark/2678.png,-79.3738,37.8386,Southern Conference
Liberty,2335,Flames,Liberty,LIB,Liberty Flames,Liberty,https://a.espncdn.com/i/teamlogos/ncaa/500/2335.png,https://a.espncdn.com/i/teamlogos/ncaa/500-dark/2335.png,-79.18119,37.39941,ASUN Conference[m]
Niagara,315,Purple Eagles,Niagara,NIAG,Niagara Purple Eagles,Niagara,https://a.espncdn.com/i/teamlogos/ncaa/500/315.png,https://a.espncdn.com/i/teamlogos/ncaa/500-dark/315.png,-79.03893,43.13867,Metro Atlantic Athletic Conference
Coastal Carolina,324,Chanticleers,C. Carolina,CCAR,Coastal Carolina Chanticleers,C. Carolina,https://a.espncdn.com/i/teamlogos/ncaa/500/324.png,https://a.espncdn.com/i/teamlogos/ncaa/500-dark/324.png,-79.0132,33.7938,Sun Belt Conference
Duke,150,Blue Devils,Duke,DUKE,Duke Blue Devils,Duke,https://a.espncdn.com/i/teamlogos/ncaa/500/150.png,https://a.espncdn.com/i/teamlogos/ncaa/500-dark/150.png,-78.94001,36.00153,Atlantic Coast Conference
North Carolina Central,2428,Eagles,NC Central,NCCU,North Carolina Central Eagles,NC Central,https://a.espncdn.com/i/teamlogos/ncaa/500/2428.png,https://a.espncdn.com/i/teamlogos/ncaa/500-dark/2428.png,-78.89945,35.97459,Mid-Eastern Athletic Conference
Buffalo,2084,Bulls,Buffalo,BUFF,Buffalo Bulls,Buffalo,https://a.espncdn.com/i/teamlogos/ncaa/500/2084.png,https://a.espncdn.com/i/teamlogos/ncaa/500-dark/2084.png,-78.87837,42.88645,Mid-American Conference
Canisius,2099,Golden Griffins,Canisius,CAN,Canisius Golden Griffins,Canisius,https://a.espncdn.com/i/teamlogos/ncaa/500/2099.png,https://a.espncdn.com/i/teamlogos/ncaa/500-dark/2099.png,-78.87837,42.88645,Metro Atlantic Athletic Conference
James Madison,256,Dukes,James Madison,JMU,James Madison Dukes,James Madison,https://a.espncdn.com/i/teamlogos/ncaa/500/256.png,https://a.espncdn.com/i/teamlogos/ncaa/500-dark/256.png,-78.87694,38.43929,Colonial Athletic Association
Campbell,2097,Fighting Camels,Campbell,CAM,Campbell Fighting Camels,Campbell,https://a.espncdn.com/i/teamlogos/ncaa/500/2097.png,https://a.espncdn.com/i/teamlogos/ncaa/500-dark/2097.png,-78.7403,35.40988,Big South Conference
NC State,152,Wolfpack,NC State,NCST,NC State Wolfpack,NC State,https://a.espncdn.com/i/teamlogos/ncaa/500/152.png,https://a.espncdn.com/i/teamlogos/ncaa/500-dark/152.png,-78.68862,35.72238,Atlantic Coast Conference
Virginia,258,Cavaliers,Virginia,UVA,Virginia Cavaliers,Virginia,https://a.espncdn.com/i/teamlogos/ncaa/500/258.png,https://a.espncdn.com/i/teamlogos/ncaa/500-dark/258.png,-78.49833,38.03339,Atlantic Coast Conference
St. Bonaventure,179,Bonnies,St. Bonaventure,SBU,St. Bonaventure Bonnies,St. Bonaventure,https://a.espncdn.com/i/teamlogos/ncaa/500/179.png,https://a.espncdn.com/i/teamlogos/ncaa/500-dark/179.png,-78.48252,42.07979,Atlantic 10 Conference
Longwood,2344,Lancers,Longwood,LONG,Longwood Lancers,Longwood,https://a.espncdn.com/i/teamlogos/ncaa/500/2344.png,https://a.espncdn.com/i/teamlogos/ncaa/500-dark/2344.png,-78.39604,37.29909,Big South Conference
UNC Wilmington,350,Seahawks,UNC Wilmington,UNCW,UNC Wilmington Seahawks,UNC Wilmington,https://a.espncdn.com/i/teamlogos/ncaa/500/350.png,https://a.espncdn.com/i/teamlogos/ncaa/500-dark/350.png,-77.94471,34.22573,Colonial Athletic Association
Penn State,213,Nittany Lions,Penn State,PSU,Penn State Nittany Lions,Penn State,https://a.espncdn.com/i/teamlogos/ncaa/500/213.png,https://a.espncdn.com/i/teamlogos/ncaa/500-dark/213.png,-77.85722,40.80395,Big Ten Conference
Richmond,257,Spiders,Richmond,RICH,Richmond Spiders,Richmond,https://a.espncdn.com/i/teamlogos/ncaa/500/257.png,https://a.espncdn.com/i/teamlogos/ncaa/500-dark/257.png,-77.53823,37.57557,Atlantic 10 Conference
VCU,2670,Rams,VCU,VCU,VCU Rams,VCU,https://a.espncdn.com/i/teamlogos/ncaa/500/2670.png,https://a.espncdn.com/i/teamlogos/ncaa/500-dark/2670.png,-77.53823,37.57557,Atlantic 10 Conference
Washington State,265,Cougars,Washington St,WSU,Washington State Cougars,Washington St,https://a.espncdn.com/i/teamlogos/ncaa/500/265.png,https://a.espncdn.com/i/teamlogos/ncaa/500-dark/265.png,-77.47394,38.3008,Pac-12 Conference
East Carolina,151,Pirates,East Carolina,ECU,East Carolina Pirates,East Carolina,https://a.espncdn.com/i/teamlogos/ncaa/500/151.png,https://a.espncdn.com/i/teamlogos/ncaa/500-dark/151.png,-77.3672,35.5974,American Athletic Conference
George Mason,2244,Patriots,George Mason,GMU,George Mason Patriots,George Mason,https://a.espncdn.com/i/teamlogos/ncaa/500/2244.png,https://a.espncdn.com/i/teamlogos/ncaa/500-dark/2244.png,-77.30794,38.83088,Atlantic 10 Conference
American,44,Eagles,American,AMER,American Eagles,American,https://a.espncdn.com/i/teamlogos/ncaa/500/44.png,https://a.espncdn.com/i/teamlogos/ncaa/500-dark/44.png,-77.03637,38.89511,Patriot League
George Washington,45,Colonials,G Washington,GW,George Washington Colonials,G Washington,https://a.espncdn.com/i/teamlogos/ncaa/500/45.png,https://a.espncdn.com/i/teamlogos/ncaa/500-dark/45.png,-77.03637,38.89511,Atlantic 10 Conference
Georgetown,46,Hoyas,Georgetown,GTWN,Georgetown Hoyas,Georgetown,https://a.espncdn.com/i/teamlogos/ncaa/500/46.png,https://a.espncdn.com/i/teamlogos/ncaa/500-dark/46.png,-77.03637,38.89511,Big East Conference[h]
Howard,47,Bison,Howard,HOW,Howard Bison,Howard,https://a.espncdn.com/i/teamlogos/ncaa/500/47.png,https://a.espncdn.com/i/teamlogos/ncaa/500-dark/47.png,-77.03637,38.89511,Mid-Eastern Athletic Conference
Maryland,120,Terrapins,Maryland,MD,Maryland Terrapins,Maryland,https://a.espncdn.com/i/teamlogos/ncaa/500/120.png,https://a.espncdn.com/i/teamlogos/ncaa/500-dark/120.png,-76.9397,38.98861,Big Ten Conference
Bucknell,2083,Bison,Bucknell,BUCK,Bucknell Bison,Bucknell,https://a.espncdn.com/i/teamlogos/ncaa/500/2083.png,https://a.espncdn.com/i/teamlogos/ncaa/500-dark/2083.png,-76.88413,40.95536,Patriot League
Coppin State,2154,Eagles,Coppin State,COPP,Coppin State Eagles,Coppin State,https://a.espncdn.com/i/teamlogos/ncaa/500/2154.png,https://a.espncdn.com/i/teamlogos/ncaa/500-dark/2154.png,-76.71168,39.25543,Mid-Eastern Athletic Conference
Loyola (MD),2352,Greyhounds,Loyola (MD),L-MD,Loyola (MD) Greyhounds,Loyola (MD),https://a.espncdn.com/i/teamlogos/ncaa/500/2352.png,https://a.espncdn.com/i/teamlogos/ncaa/500-dark/2352.png,-76.71168,39.25543,Patriot League
Morgan St,2415,Bears,Morgan State,MORG,Morgan St Bears,Morgan State,https://a.espncdn.com/i/teamlogos/ncaa/500/2415.png,https://a.espncdn.com/i/teamlogos/ncaa/500-dark/2415.png,-76.71168,39.25543,Mid-Eastern Athletic Conference
UMBC,2378,Retrievers,UMBC,UMBC,UMBC Retrievers,UMBC,https://a.espncdn.com/i/teamlogos/ncaa/500/2378.png,https://a.espncdn.com/i/teamlogos/ncaa/500-dark/2378.png,-76.71168,39.25543,America East Conference
William & Mary,2729,Tribe,William & Mary,W&M,William & Mary Tribe,William & Mary,https://a.espncdn.com/i/teamlogos/ncaa/500/2729.png,https://a.espncdn.com/i/teamlogos/ncaa/500-dark/2729.png,-76.70746,37.2707,Colonial Athletic Association
Towson,119,Tigers,Towson,TOW,Towson Tigers,Towson,https://a.espncdn.com/i/teamlogos/ncaa/500/119.png,https://a.espncdn.com/i/teamlogos/ncaa/500-dark/119.png,-76.60608,39.39243,Colonial Athletic Association
Navy,2426,Midshipmen,Navy,NAVY,Navy Midshipmen,Navy,https://a.espncdn.com/i/teamlogos/ncaa/500/2426.png,https://a.espncdn.com/i/teamlogos/ncaa/500-dark/2426.png,-76.50184,38.98729,Patriot League[w]
Cornell,172,Big Red,Cornell,COR,Cornell Big Red,Cornell,https://a.espncdn.com/i/teamlogos/ncaa/500/172.png,https://a.espncdn.com/i/teamlogos/ncaa/500-dark/172.png,-76.483,42.44702,Ivy League
Norfolk State,2450,Spartans,Norfolk State,NORF,Norfolk State Spartans,Norfolk State,https://a.espncdn.com/i/teamlogos/ncaa/500/2450.png,https://a.espncdn.com/i/teamlogos/ncaa/500-dark/2450.png,-76.45339,36.8074,Mid-Eastern Athletic Conference
Old Dominion,295,Monarchs,Old Dominion,ODU,Old Dominion Monarchs,Old Dominion,https://a.espncdn.com/i/teamlogos/ncaa/500/295.png,https://a.espncdn.com/i/teamlogos/ncaa/500-dark/295.png,-76.45339,36.8074,Conference USA
Hampton,2261,Pirates,Hampton,HAMP,Hampton Pirates,Hampton,https://a.espncdn.com/i/teamlogos/ncaa/500/2261.png,https://a.espncdn.com/i/teamlogos/ncaa/500-dark/2261.png,-76.34967,36.97515,Big South Conference
Syracuse,183,Orange,Syracuse,SYR,Syracuse Orange,Syracuse,https://a.espncdn.com/i/teamlogos/ncaa/500/183.png,https://a.espncdn.com/i/teamlogos/ncaa/500-dark/183.png,-76.14742,43.04812,Atlantic Coast Conference
Binghamton,2066,Bearcats,Binghamton,BING,Binghamton Bearcats,Binghamton,https://a.espncdn.com/i/teamlogos/ncaa/500/2066.png,https://a.espncdn.com/i/teamlogos/ncaa/500-dark/2066.png,-75.96825,42.0898,America East Conference
Delaware,48,Blue Hens,Delaware,DEL,Delaware Blue Hens,Delaware,https://a.espncdn.com/i/teamlogos/ncaa/500/48.png,https://a.espncdn.com/i/teamlogos/ncaa/500-dark/48.png,-75.75299,39.67956,Colonial Athletic Association
Maryland Eastern Shore,2379,Hawks,Maryland ES,MES,Maryland ES,Maryland ES,https://a.espncdn.com/i/teamlogos/ncaa/500/2379.png,https://a.espncdn.com/i/teamlogos/ncaa/500/2379.png,-75.68607,38.20746,Mid-Eastern Athletic Conference
Pennsylvania,219,Quakers,Penn,PENN,Pennsylvania Quakers,Penn,https://a.espncdn.com/i/teamlogos/ncaa/500/219.png,https://a.espncdn.com/i/teamlogos/ncaa/500-dark/219.png,-75.5325,39.9307,Ivy League
Delaware State,2169,Hornets,Delaware State,DSU,Delaware State Hornets,Delaware State,https://a.espncdn.com/i/teamlogos/ncaa/500/2169.png,https://a.espncdn.com/i/teamlogos/ncaa/500-dark/2169.png,-75.52437,39.15817,Mid-Eastern Athletic Conference
Lehigh,2329,Mountain Hawks,Lehigh,LEH,Lehigh Mountain Hawks,Lehigh,https://a.espncdn.com/i/teamlogos/ncaa/500/2329.png,https://a.espncdn.com/i/teamlogos/ncaa/500-dark/2329.png,-75.42931,40.64778,Patriot League
Villanova,222,Wildcats,Villanova,VILL,Villanova Wildcats,Villanova,https://a.espncdn.com/i/teamlogos/ncaa/500/222.png,https://a.espncdn.com/i/teamlogos/ncaa/500-dark/222.png,-75.34463,40.03817,Big East Conference
Lafayette,322,Leopards,Lafayette,LAF,Lafayette Leopards,Lafayette,https://a.espncdn.com/i/teamlogos/ncaa/500/322.png,https://a.espncdn.com/i/teamlogos/ncaa/500-dark/322.png,-75.2074,40.69815,Patriot League
Drexel,2182,Dragons,Drexel,DREX,Drexel Dragons,Drexel,https://a.espncdn.com/i/teamlogos/ncaa/500/2182.png,https://a.espncdn.com/i/teamlogos/ncaa/500-dark/2182.png,-75.19296,39.954,Colonial Athletic Association
La Salle,2325,Explorers,La Salle,LAS,La Salle Explorers,La Salle,https://a.espncdn.com/i/teamlogos/ncaa/500/2325.png,https://a.espncdn.com/i/teamlogos/ncaa/500-dark/2325.png,-75.15407,40.03872,Atlantic 10 Conference
Temple,218,Owls,Temple,TEM,Temple Owls,Temple,https://a.espncdn.com/i/teamlogos/ncaa/500/218.png,https://a.espncdn.com/i/teamlogos/ncaa/500-dark/218.png,-75.15296,39.98095,American Athletic Conference
Rider,2520,Broncs,Rider,RID,Rider Broncs,Rider,https://a.espncdn.com/i/teamlogos/ncaa/500/2520.png,https://a.espncdn.com/i/teamlogos/ncaa/500-dark/2520.png,-74.73928,40.27908,Metro Atlantic Athletic Conference
Princeton,163,Tigers,Princeton,PRIN,Princeton Tigers,Princeton,https://a.espncdn.com/i/teamlogos/ncaa/500/163.png,https://a.espncdn.com/i/teamlogos/ncaa/500-dark/163.png,-74.65682,40.34285,Ivy League
Rutgers,164,Scarlet Knights,Rutgers,RUTG,Rutgers Scarlet Knights,Rutgers,https://a.espncdn.com/i/teamlogos/ncaa/500/164.png,https://a.espncdn.com/i/teamlogos/ncaa/500-dark/164.png,-74.40737,40.47733,Big Ten Conference
Seton Hall,2550,Pirates,Seton Hall,HALL,Seton Hall Pirates,Seton Hall,https://a.espncdn.com/i/teamlogos/ncaa/500/2550.png,https://a.espncdn.com/i/teamlogos/ncaa/500-dark/2550.png,-74.24737,40.7426,Big East Conference
Wagner,2681,Seahawks,Wagner,WAG,Wagner Seahawks,Wagner,https://a.espncdn.com/i/teamlogos/ncaa/500/2681.png,https://a.espncdn.com/i/teamlogos/ncaa/500-dark/2681.png,-74.0775,40.62167,Northeast Conference
Army,349,Black Knights,Army,ARMY,Army Black Knights,Army,https://a.espncdn.com/i/teamlogos/ncaa/500/349.png,https://a.espncdn.com/i/teamlogos/ncaa/500-dark/349.png,-74.02831,41.35352,Patriot League[v]
Fairleigh Dickinson,161,Knights,Fair. Dickinson,FDU,Fairleigh Dickinson Knights,Fair. Dickinson,https://a.espncdn.com/i/teamlogos/ncaa/500/161.png,https://a.espncdn.com/i/teamlogos/ncaa/500-dark/161.png,-74.0282,40.89843,Northeast Conference
Monmouth,2405,Hawks,Monmouth,MONM,Monmouth Hawks,Monmouth,https://a.espncdn.com/i/teamlogos/ncaa/500/2405.png,https://a.espncdn.com/i/teamlogos/ncaa/500-dark/2405.png,-74.00653,40.27811,Metro Atlantic Athletic Conference[o]
Columbia,171,Lions,Columbia,CLMB,Columbia Lions,Columbia,https://a.espncdn.com/i/teamlogos/ncaa/500/171.png,https://a.espncdn.com/i/teamlogos/ncaa/500-dark/171.png,-74.00597,40.71427,Ivy League
Colgate,2142,Raiders,Colgate,COLG,Colgate Raiders,Colgate,https://a.espncdn.com/i/teamlogos/ncaa/500/2142.png,https://a.espncdn.com/i/teamlogos/ncaa/500-dark/2142.png,-73.94833,40.82583,Patriot League
Marist,2368,Red Foxes,Marist,MRST,Marist Red Foxes,Marist,https://a.espncdn.com/i/teamlogos/ncaa/500/2368.png,https://a.espncdn.com/i/teamlogos/ncaa/500-dark/2368.png,-73.9343,41.72204,Metro Atlantic Athletic Conference[c]
Manhattan,2363,Jaspers,Manhattan,MAN,Manhattan Jaspers,Manhattan,https://a.espncdn.com/i/teamlogos/ncaa/500/2363.png,https://a.espncdn.com/i/teamlogos/ncaa/500-dark/2363.png,-73.90278,40.90361,Metro Atlantic Athletic Conference
NJIT,2885,Highlanders,NJIT,NJIT,NJIT Highlanders,NJIT,https://a.espncdn.com/i/teamlogos/ncaa/500/2885.png,https://a.espncdn.com/i/teamlogos/ncaa/500-dark/2885.png,-73.87989,40.77331,America East Conference
Saint Peter's,2612,Peacocks,Saint Peter's,SPU,Saint Peter's Peacocks,Saint Peter's,https://a.espncdn.com/i/teamlogos/ncaa/500/2612.png,https://a.espncdn.com/i/teamlogos/ncaa/500-dark/2612.png,-73.87989,40.77331,Metro Atlantic Athletic Conference
Fordham,2230,Rams,Fordham,FOR,Fordham Rams,Fordham,https://a.espncdn.com/i/teamlogos/ncaa/500/2230.png,https://a.espncdn.com/i/teamlogos/ncaa/500-dark/2230.png,-73.87833,40.85139,Atlantic 10 Conference[h]
St. John's,2599,Red Storm,St. John's,SJU,St. John's Red Storm,St. John's,https://a.espncdn.com/i/teamlogos/ncaa/500/2599.png,https://a.espncdn.com/i/teamlogos/ncaa/500-dark/2599.png,-73.79513,40.72205,Big East Conference
Iona,314,Gaels,Iona,IONA,Iona Gaels,Iona,https://a.espncdn.com/i/teamlogos/ncaa/500/314.png,https://a.espncdn.com/i/teamlogos/ncaa/500-dark/314.png,-73.78708,40.92593,Metro Atlantic Athletic Conference
Albany,399,Great Danes,Albany,ALB,Albany Great Danes,Albany,https://a.espncdn.com/i/teamlogos/ncaa/500/399.png,https://a.espncdn.com/i/teamlogos/ncaa/500-dark/399.png,-73.75623,42.65258,America East Conference
Winthrop,2737,Eagles,Winthrop,WIN,Winthrop Eagles,Winthrop,https://a.espncdn.com/i/teamlogos/ncaa/500/2737.png,https://a.espncdn.com/i/teamlogos/ncaa/500-dark/2737.png,-73.64372,40.7412,Big South Conference
Hofstra,2275,Pride,Hofstra,HOF,Hofstra Pride,Hofstra,https://a.espncdn.com/i/teamlogos/ncaa/500/2275.png,https://a.espncdn.com/i/teamlogos/ncaa/500-dark/2275.png,-73.60271,40.71386,Colonial Athletic Association
Fairfield,2217,Stags,Fairfield,FAIR,Fairfield Stags,Fairfield,https://a.espncdn.com/i/teamlogos/ncaa/500/2217.png,https://a.espncdn.com/i/teamlogos/ncaa/500-dark/2217.png,-73.29595,41.20093,Metro Atlantic Athletic Conference
Sacred Heart,2529,Pioneers,Sacred Heart,SHU,Sacred Heart Pioneers,Sacred Heart,https://a.espncdn.com/i/teamlogos/ncaa/500/2529.png,https://a.espncdn.com/i/teamlogos/ncaa/500-dark/2529.png,-73.29595,41.20093,Northeast Conference
Vermont,261,Catamounts,Vermont,UVM,Vermont Catamounts,Vermont,https://a.espncdn.com/i/teamlogos/ncaa/500/261.png,https://a.espncdn.com/i/teamlogos/ncaa/500-dark/261.png,-73.2229,44.4844,America East Conference
Stony Brook,2619,Seawolves,Stony Brook,STBK,Stony Brook Seawolves,Stony Brook,https://a.espncdn.com/i/teamlogos/ncaa/500/2619.png,https://a.espncdn.com/i/teamlogos/ncaa/500-dark/2619.png,-73.12455,40.91732,America East Conference
Yale,43,Bulldogs,Yale,YALE,Yale Bulldogs,Yale,https://a.espncdn.com/i/teamlogos/ncaa/500/43.png,https://a.espncdn.com/i/teamlogos/ncaa/500-dark/43.png,-72.94649,41.3326,Ivy League
Central Connecticut,2115,Blue Devils,Cent Conn St,CCSU,Central Connecticut Blue Devils,Cent Conn St,https://a.espncdn.com/i/teamlogos/ncaa/500/2115.png,https://a.espncdn.com/i/teamlogos/ncaa/500-dark/2115.png,-72.7867,41.66125,Northeast Conference
Hartford,42,Hawks,Hartford,HART,Hartford Hawks,Hartford,https://a.espncdn.com/i/teamlogos/ncaa/500/42.png,https://a.espncdn.com/i/teamlogos/ncaa/500-dark/42.png,-72.71509,41.79566,America East Conference[i]
UMass,113,Minutemen,UMass,MASS,UMass Minutemen,UMass,https://a.espncdn.com/i/teamlogos/ncaa/500/113.png,https://a.espncdn.com/i/teamlogos/ncaa/500-dark/113.png,-72.51852,42.36723,Atlantic 10 Conference[n]
Dartmouth,159,Big Green,Dartmouth,DART,Dartmouth Big Green,Dartmouth,https://a.espncdn.com/i/teamlogos/ncaa/500/159.png,https://a.espncdn.com/i/teamlogos/ncaa/500-dark/159.png,-72.28641,43.70035,Ivy League
UConn,41,Huskies,UConn,CONN,UConn Huskies,UConn,https://a.espncdn.com/i/teamlogos/ncaa/500/41.png,https://a.espncdn.com/i/teamlogos/ncaa/500-dark/41.png,-72.25369,41.80926,Big East Conference
Holy Cross,107,Crusaders,Holy Cross,HC,Holy Cross Crusaders,Holy Cross,https://a.espncdn.com/i/teamlogos/ncaa/500/107.png,https://a.espncdn.com/i/teamlogos/ncaa/500-dark/107.png,-71.7677,42.27307,Patriot League
Rhode Island,227,Rams,Rhode Island,URI,Rhode Island Rams,Rhode Island,https://a.espncdn.com/i/teamlogos/ncaa/500/227.png,https://a.espncdn.com/i/teamlogos/ncaa/500-dark/227.png,-71.54812,41.48621,Atlantic 10 Conference
Bryant,2803,Bulldogs,Bryant,BRY,Bryant Bulldogs,Bryant,https://a.espncdn.com/i/teamlogos/ncaa/500/2803.png,https://a.espncdn.com/i/teamlogos/ncaa/500-dark/2803.png,-71.53867,41.9201,Northeast Conference
Brown,225,Bears,Brown,BRWN,Brown Bears,Brown,https://a.espncdn.com/i/teamlogos/ncaa/500/225.png,https://a.espncdn.com/i/teamlogos/ncaa/500-dark/225.png,-71.49978,41.75038,Ivy League
Providence,2507,Friars,Providence,PROV,Providence Friars,Providence,https://a.espncdn.com/i/teamlogos/ncaa/500/2507.png,https://a.espncdn.com/i/teamlogos/ncaa/500-dark/2507.png,-71.49978,41.75038,Big East Conference
New Hampshire,160,Wildcats,New Hampshire,UNH,New Hampshire Wildcats,New Hampshire,https://a.espncdn.com/i/teamlogos/ncaa/500/160.png,https://a.espncdn.com/i/teamlogos/ncaa/500-dark/160.png,-71.49868,43.03981,America East Conference
UMass Lowell,2349,River Hawks,UMass Lowell,UML,UMass Lowell River Hawks,UMass Lowell,https://a.espncdn.com/i/teamlogos/ncaa/500/2349.png,https://a.espncdn.com/i/teamlogos/ncaa/500-dark/2349.png,-71.32589,42.6537,America East Conference
Harvard,108,Crimson,Harvard,HARV,Harvard Crimson,Harvard,https://a.espncdn.com/i/teamlogos/ncaa/500/108.png,https://a.espncdn.com/i/teamlogos/ncaa/500-dark/108.png,-71.11666,42.377,Ivy League
Boston University,104,Terriers,Boston U,BU,Boston University Terriers,Boston U,https://a.espncdn.com/i/teamlogos/ncaa/500/104.png,https://a.espncdn.com/i/teamlogos/ncaa/500-dark/104.png,-71.03838,42.31343,Patriot League
Northeastern,111,Huskies,Northeastern,NE,Northeastern Huskies,Northeastern,https://a.espncdn.com/i/teamlogos/ncaa/500/111.png,https://a.espncdn.com/i/teamlogos/ncaa/500-dark/111.png,-71.03838,42.31343,Colonial Athletic Association
Boston College,103,Eagles,Boston College,BC,Boston College Eagles,Boston College,https://a.espncdn.com/i/teamlogos/ncaa/500/103.png,https://a.espncdn.com/i/teamlogos/ncaa/500-dark/103.png,-70.82005,42.58898,Atlantic Coast Conference
Maine,311,Black Bears,Maine,ME,Maine Black Bears,Maine,https://a.espncdn.com/i/teamlogos/ncaa/500/311.png,https://a.espncdn.com/i/teamlogos/ncaa/500-dark/311.png,-68.67253,44.8984,America East Conference
Merrimack,2771,Warriors,Merrimack,MRMK,Merrimack Warriors,Merrimack,https://a.espncdn.com/i/teamlogos/ncaa/500/2771.png,https://a.espncdn.com/i/teamlogos/ncaa/500-dark/2771.png,-71.1226,42.6677,Northeast Conference
Detroit Mercy,2174,Titans,Detroit Mercy,DET,Detroit Mercy Titans,Detroit Mercy,https://a.espncdn.com/i/teamlogos/ncaa/500/2174.png,https://a.espncdn.com/i/teamlogos/ncaa/500-dark/2174.png,-83.1379,42.4141,Horizon League
Illinois,356,Fighting Illini,Illinois,ILL,Illinois Fighting Illini,Illinois,https://a.espncdn.com/i/teamlogos/ncaa/500/356.png,https://a.espncdn.com/i/teamlogos/ncaa/500-dark/356.png,-88.2272,40.102,Big Ten Conference
Mount St. Mary's,116,Mountaineers,Mt. St. Mary's,MSM,Mount St. Mary's Mountaineers,Mt. St. Mary's,https://a.espncdn.com/i/teamlogos/ncaa/500/116.png,https://a.espncdn.com/i/teamlogos/ncaa/500-dark/116.png,-77.3487,39.68,Northeast Conference
Dixie State,3101,Trailblazers,Dixie State,DXST,Dixie State Trailblazers,Dixie State,https://a.espncdn.com/i/teamlogos/ncaa/500/3101.png,https://a.espncdn.com/i/teamlogos/ncaa/500-dark/3101.png,-113.5652,37.1032,Western Athletic Conference
North Carolina,153,Tar Heels,North Carolina,UNC,North Carolina Tar Heels,North Carolina,https://a.espncdn.com/i/teamlogos/ncaa/500/153.png,https://a.espncdn.com/i/teamlogos/ncaa/500-dark/153.png,-79.0469,35.9049,Atlantic Coast Conference
Gardner-Webb,2241,Bulldogs,Gardner-Webb,GWEB,Gardner-Webb Bulldogs,Gardner-Webb,https://a.espncdn.com/i/teamlogos/ncaa/500/2241.png,https://a.espncdn.com/i/teamlogos/ncaa/500-dark/2241.png,-81.6707,35.2475,Big South Conference
North Alabama,2453,Lions,North Alabama,UNA,North Alabama Lions,North Alabama,https://a.espncdn.com/i/teamlogos/ncaa/500/2453.png,https://a.espncdn.com/i/teamlogos/ncaa/500/2453.png,-87.6813,34.8075,ASUN Conference
California Baptist,2856,Lancers,Cal Baptist,CBU,California Baptist Lancers,Cal Baptist,https://a.espncdn.com/i/teamlogos/ncaa/500/2856.png,https://a.espncdn.com/i/teamlogos/ncaa/500-dark/2856.png,-117.4259,33.9289,Western Athletic Conference
Prairie View A&M,2504,Panthers,Prairie View,PV,Prairie View A&M Panthers,Prairie View,https://a.espncdn.com/i/teamlogos/ncaa/500/2504.png,https://a.espncdn.com/i/teamlogos/ncaa/500-dark/2504.png,-95.9899,30.0939,Southwestern Athletic Conference
Quinnipiac,2514,Bobcats,Quinnipiac,QUIN,Quinnipiac Bobcats,Quinnipiac,https://a.espncdn.com/i/teamlogos/ncaa/500/2514.png,https://a.espncdn.com/i/teamlogos/ncaa/500-dark/2514.png,-72.8936,41.4189,Metro Atlantic Athletic Conference
Robert Morris,2523,Colonials,Robert Morris,RMU,Robert Morris Colonials,Robert Morris,https://a.espncdn.com/i/teamlogos/ncaa/500/2523.png,https://a.espncdn.com/i/teamlogos/ncaa/500-dark/2523.png,-80.2119,40.5216,Horizon League[o]
Saint Joseph's,2603,Hawks,Saint Joseph's,JOES,Saint Joseph's Hawks,Saint Joseph's,https://a.espncdn.com/i/teamlogos/ncaa/500/2603.png,https://a.espncdn.com/i/teamlogos/ncaa/500-dark/2603.png,-75.2399,39.9951,Atlantic 10 Conference
SIU Edwardsville,2565,Cougars,SIUE,SIUE,SIU Edwardsville Cougars,SIUE,https://a.espncdn.com/i/teamlogos/ncaa/500/2565.png,https://a.espncdn.com/i/teamlogos/ncaa/500-dark/2565.png,-89.9961,38.7931,Ohio Valley Conference
Southern Illinois,79,Salukis,So Illinois,SIU,Southern Illinois Salukis,So Illinois,https://a.espncdn.com/i/teamlogos/ncaa/500/79.png,https://a.espncdn.com/i/teamlogos/ncaa/500-dark/79.png,-89.223,37.708,Missouri Valley Conference[k]
Tarleton,2627,Texans,Tarleton,TAR,Tarleton Texans,Tarleton,https://a.espncdn.com/i/teamlogos/ncaa/500/2627.png,https://a.espncdn.com/i/teamlogos/ncaa/500-dark/2627.png,-98.2151,32.215,Western Athletic Conference
UC San Diego,28,Tritons,UC San Diego,UCSD,UC San Diego Tritons,UC San Diego,https://a.espncdn.com/i/teamlogos/ncaa/500/28.png,https://a.espncdn.com/i/teamlogos/ncaa/500-dark/28.png,-117.234,32.8801,Big West Conference
UT Rio Grande Valley,292,Vaqueros,UT Rio Grande,UTRGV,UT Rio Grande Valley Vaqueros,UT Rio Grande,https://a.espncdn.com/i/teamlogos/ncaa/500/292.png,https://a.espncdn.com/i/teamlogos/ncaa/500-dark/292.png,-98.174,26.3082,Western Athletic Conference
Virginia Tech,259,Hokies,Virginia Tech,VT,Virginia Tech Hokies,Virginia Tech,https://a.espncdn.com/i/teamlogos/ncaa/500/259.png,https://a.espncdn.com/i/teamlogos/ncaa/500-dark/259.png,-80.4234,37.2284,Atlantic Coast Conference